Name,App.,Minutes,Shots,Shots on Target,Shots in Box,Shots Outside Box,Headed Attempts,Big Chance,Big Chance Created,Goals,Goals inside Box,Goals outside Box,Headed Goal,Goal Involvement,Key Pass,Big Chance Created.1,Assists,Crosses (Tot.),Crosses (Succ.),Crosses Succ. %,Exp. Goals (xG),Non Penalty xG (NPxG),Exp. Assists (xA),Exp. Att. Points (xATT),Exp. Points (xPts),Exp. Involvement (xGI),Cost (£M),Points,Bonus Points,Baseline BPS,BPS,Threat,Creativity,Influence,Total Passes,Accurate Passes,Pass Completion (%),Opp. Half Passes,Opp. Half Accurate,Opp. Half Pass %,Final 3rd Passes,Final 3rd Accurate,Final 3rd Pass %,Throughballs (Tot.),Throughballs (Succ.),Touches (All),Touches (Box),Entries (Box),Fouls Won (Final 3rd),Penalty Box Entries,Fouls Won (Box),Fouls Made,Corners Taken,Set Piece Into Box,Freekicks (Indirect),Freekicks Taken,Freekicks (Accurate),Freekicks (Direct),Freekick Scored,Penalties Taken,Penalties Scored,Penalties Missed,Clean Sheets,Goals Conceded,Exp. Clean Sheets,Expected Goals Conceded,Shots Conceded,Shots In Box Conceded,Shots on Target Conceded,Headed Shots Conceded,Shots Conc. Set Pieces,Big Chances Conceded,Tackles (Tot.),Tackles (Won),Tackles Won (%),Recoveries,Clearances,Blocks,Interceptions,CBI,Shots Conc. Set Pieces.1,Wins,Saves,Yellow Cards,Second Yellows,Red Cards,Offsides,Errors (lead to Goal),Errors (lead to Shot),Own Goals,Names,Position,Team
Iwobi (M)EVE,5,86,1.0,0.2,0.4,0.6,0.2,0.2,0.8,0.0,0.0,0.0,0.0,67,1.8,0.2,0.4,1.4,0.4,29,0.1,0.1,0.38,1.66,4.42,44,5.6,4.2,0.6,12.0,15.6,10.4,25.76,16.76,37.2,31.6,85,27.0,21.6,80,17.0,14.0,82,0.4,0.2,51.0,1.8,6.0,0.0,2.6,0.0,0.2,0.2,0.0,0.0,0.0,0.0,0.0,0.0,0.0,0.0,0.0,0.4,1.2,,1.65,17.4,12.0,5.8,3.8,0.8,1.6,1.8,1.0,56,4.2,0.2,0.0,0.0,0.2,0.8,0.2,0.0,0.0,0.0,0.0,0.0,0.0,0.0,0.0,Iwobi ,M,EVE
Willock (M)NEW,5 (1),69,1.6,0.4,1.2,0.4,0.4,0.2,0.4,0.4,0.4,0.0,0.0,17,0.8,0.2,0.0,1.2,0.4,33,0.14,0.14,0.21,1.36,4.06,20,4.9,5.2,0.8,8.8,16.0,17.6,12.44,19.44,23.2,18.8,81,16.6,12.0,72,10.8,7.6,70,0.2,0.0,37.0,3.4,3.6,0.0,1.6,0.0,1.0,0.0,0.0,0.0,0.0,0.0,0.0,0.0,0.0,0.0,0.0,0.6,0.2,,0.78,8.4,5.4,2.4,2.0,0.2,0.8,2.0,1.4,70,5.2,0.2,0.0,0.8,1.0,0.2,1.0,0.0,0.0,0.0,0.0,0.0,0.0,0.0,0.0,Willock ,M,NEW
Cook (M)BOU,5,90,0.2,0.0,0.0,0.2,0.0,0.0,0.2,0.0,0.0,0.0,0.0,12,2.2,0.0,0.2,3.4,1.8,53,0.0,0.0,0.15,0.48,2.81,11,4.9,2.4,0.0,14.6,16.4,1.8,31.96,20.2,40.2,32.8,82,23.4,17.2,74,12.0,8.0,67,0.2,0.0,53.8,0.8,5.8,0.0,4.2,0.0,0.8,1.2,2.4,1.2,1.2,0.4,0.2,0.0,0.0,0.0,0.0,0.2,2.0,,1.55,17.0,11.4,4.2,5.0,1.2,1.6,1.4,0.8,57,9.0,1.2,1.0,1.4,3.6,1.2,0.2,0.0,0.4,0.0,0.0,0.0,0.0,0.0,0.0,Cook ,M,BOU
Lerma (M)BOU,5,90,0.8,0.2,0.4,0.4,0.4,0.0,0.2,0.0,0.0,0.0,0.0,0,0.8,0.0,0.0,0.0,0.0,0,0.05,0.05,0.12,0.61,2.86,12,4.8,1.8,0.0,8.8,8.8,10.4,10.84,10.36,45.0,35.2,78,23.2,15.8,68,13.6,7.6,56,0.2,0.0,56.4,1.6,4.8,0.2,2.0,0.0,1.2,0.0,0.0,0.0,0.0,0.0,0.0,0.0,0.0,0.0,0.0,0.2,2.0,,1.55,17.0,11.4,4.2,5.0,1.2,1.6,1.4,0.8,57,7.6,1.8,0.4,0.4,2.6,1.2,0.2,0.0,0.4,0.0,0.0,0.0,0.0,0.2,0.0,Lerma ,M,BOU
March (M)BHA,5,90,1.2,0.4,1.0,0.2,0.0,0.2,0.0,0.0,0.0,0.0,0.0,11,1.4,0.2,0.2,5.4,0.8,15,0.16,0.16,0.1,1.1,3.9,15,5,2.8,0.0,9.8,11.6,25.2,21.8,14.52,36.2,30.2,83,31.0,21.4,69,18.8,14.6,78,0.0,0.0,59.4,3.8,2.8,1.0,6.6,0.0,1.6,3.6,3.4,0.6,0.6,0.2,0.0,0.0,0.0,0.0,0.0,0.2,1.6,,1.27,8.8,6.4,3.6,1.6,0.4,1.4,1.2,0.8,67,3.2,1.2,0.0,1.0,2.2,0.4,0.4,0.0,0.0,0.0,0.0,0.6,0.0,0.0,0.0,March ,M,BHA
Groß (M)BHA,5,88,1.2,0.8,1.0,0.2,0.0,0.4,0.2,0.4,0.4,0.0,0.0,22,1.4,0.4,0.0,4.6,1.0,22,0.25,0.25,0.16,1.74,4.13,24,5.6,4.2,0.4,8.6,15.8,17.8,22.04,22.28,40.2,32.4,81,30.0,21.0,70,16.8,12.2,73,0.0,0.0,57.2,2.6,5.6,0.0,6.4,0.0,1.2,3.2,3.4,0.8,0.8,0.0,0.0,0.0,0.0,0.0,0.0,0.2,1.6,,1.27,8.8,6.4,3.6,1.6,0.4,1.4,1.6,1.0,63,2.0,0.0,0.2,0.2,0.4,0.4,0.4,0.0,0.4,0.0,0.0,0.6,0.0,0.0,0.0,Groß ,M,BHA
Bissouma (M)TOT,5 (1),67,0.6,0.0,0.0,0.6,0.0,0.0,0.0,0.0,0.0,0.0,0.0,0,0.0,0.0,0.0,0.2,0.0,0,0.0,0.0,0.0,0.04,2.29,0,4.7,1.6,0.0,10.2,10.2,2.4,2.16,5.08,41.8,38.8,93,18.4,16.2,88,7.0,6.2,89,0.0,0.0,50.4,0.2,2.6,0.2,0.8,0.0,0.8,0.0,0.0,0.0,0.0,0.0,0.0,0.0,0.0,0.0,0.0,0.0,1.8,,1.77,14.4,8.6,6.0,1.6,0.8,2.2,1.0,0.6,60,4.8,0.2,0.2,0.6,1.0,0.8,0.4,0.0,0.0,0.0,0.0,0.0,0.0,0.0,0.0,Bissouma ,M,TOT
McNeil (M)EVE,5 (3),37,0.6,0.2,0.2,0.4,0.0,0.2,0.0,0.2,0.2,0.0,0.0,33,0.4,0.2,0.0,2.2,0.4,18,0.1,0.1,0.03,0.58,2.62,12,5.2,2.4,0.0,5.4,9.0,7.8,7.7,10.72,14.0,11.8,84,11.4,8.0,70,4.8,3.8,79,0.0,0.0,22.4,0.8,1.0,0.2,2.0,0.0,0.0,0.6,0.8,0.4,0.4,0.0,0.0,0.0,0.0,0.0,0.0,0.0,0.8,,1.65,17.4,12.0,5.8,3.8,0.8,1.6,1.2,0.6,50,1.6,0.6,0.0,0.2,0.8,0.8,0.2,0.0,0.0,0.0,0.0,0.0,0.0,0.0,0.0,McNeil ,M,EVE
Willian (M)FUL,5,84,2.2,1.4,1.6,0.6,0.0,0.6,0.2,0.2,0.2,0.0,0.0,12,2.4,0.6,0.0,1.6,0.4,25,0.41,0.41,0.22,2.71,5.57,32,5.5,4.0,0.6,13.2,16.8,30.4,31.86,18.4,33.6,28.6,85,26.4,20.6,78,17.0,13.2,78,0.4,0.2,48.0,4.2,2.6,0.2,3.4,0.0,0.4,1.2,1.0,0.0,0.0,0.0,0.0,0.0,0.0,0.0,0.0,0.4,0.8,,2.16,13.0,9.8,5.8,2.4,1.4,3.4,0.8,0.4,50,5.4,0.2,0.0,0.4,0.6,1.4,0.4,0.0,0.0,0.0,0.0,0.2,0.0,0.0,0.0,Willian ,M,FUL
Loftus-Cheek (M)CHE,5,68,0.8,0.2,0.0,0.8,0.0,0.0,0.0,0.0,0.0,0.0,0.0,0,0.4,0.0,0.0,1.4,0.2,14,0.04,0.04,0.03,0.3,2.73,8,5,1.8,0.0,7.8,7.8,8.0,8.48,5.36,32.8,28.6,87,22.2,18.6,84,10.8,9.0,83,0.0,0.0,45.0,1.6,3.2,0.4,1.8,0.0,0.2,0.0,0.0,0.0,0.0,0.0,0.0,0.0,0.0,0.0,0.0,0.4,1.0,,1.66,12.8,9.2,5.0,2.8,0.6,2.4,0.6,0.2,33,4.6,0.8,0.0,0.6,1.4,0.6,0.0,0.0,0.0,0.0,0.0,0.0,0.0,0.0,0.2,Loftus-Cheek ,M,CHE
Kovacic (M)CHE,5 (3),64,1.0,0.0,0.0,1.0,0.0,0.0,0.0,0.0,0.0,0.0,0.0,0,1.0,0.0,0.0,0.4,0.2,50,0.02,0.02,0.05,0.22,2.26,7,4.9,1.6,0.0,9.0,9.0,6.6,16.64,11.0,47.2,38.0,81,32.0,24.6,77,17.2,12.4,72,0.8,0.0,55.4,0.0,9.4,0.0,3.2,0.0,0.4,0.0,0.0,0.0,0.0,0.0,0.0,0.0,0.0,0.0,0.0,0.2,1.2,,1.66,12.8,9.2,5.0,2.8,0.6,2.4,1.0,0.4,40,5.0,1.0,0.2,1.2,2.4,0.6,0.0,0.0,0.2,0.0,0.0,0.0,0.0,0.0,0.0,Kovacic ,M,CHE
Schlupp (M)CRY,5 (1),77,0.6,0.2,0.4,0.2,0.2,0.0,0.0,0.0,0.0,0.0,0.0,0,1.0,0.0,0.0,0.8,0.0,0,0.04,0.04,0.05,0.33,2.43,8,4.7,1.6,0.0,8.2,8.2,5.8,13.4,8.28,42.6,35.6,84,25.8,20.2,78,11.8,9.0,76,0.0,0.0,56.2,1.8,5.4,0.2,1.2,0.0,2.0,0.0,0.0,0.0,0.0,0.0,0.0,0.0,0.0,0.0,0.0,0.2,1.0,,1.19,9.4,6.4,3.6,1.4,1.0,1.8,2.6,2.2,85,6.6,0.4,0.0,0.8,1.2,1.0,0.6,0.0,0.4,0.0,0.0,0.0,0.0,0.0,0.0,Schlupp ,M,CRY
Zaha (M)CRY,5,90,2.6,1.0,1.6,1.0,0.0,0.6,0.0,0.4,0.4,0.0,0.0,60,1.0,0.6,0.2,0.8,0.2,25,0.43,0.3,0.11,2.49,4.78,53,7.5,4.6,0.6,0.2,9.2,35.8,15.44,25.04,24.4,21.0,86,20.4,16.8,82,12.6,10.2,81,0.0,0.0,51.4,5.8,1.8,1.6,2.4,0.2,0.8,0.0,0.0,0.0,0.0,0.0,0.0,0.0,0.2,0.0,0.2,0.2,1.2,,1.19,9.4,6.4,3.6,1.4,1.0,1.8,1.4,1.0,71,4.2,0.0,0.0,0.4,0.4,1.0,0.6,0.0,0.4,0.0,0.0,0.8,0.0,0.0,0.0,Zaha ,M,CRY
Kouyaté (M)NFO,5 (1),65,0.2,0.2,0.0,0.2,0.0,0.0,0.2,0.0,0.0,0.0,0.0,0,1.0,0.0,0.0,0.0,0.0,0,0.03,0.03,0.12,0.52,3.08,13,4.5,2.2,0.0,12.2,12.2,4.2,10.7,9.8,14.8,10.6,72,8.0,4.6,57,4.4,2.6,59,0.0,0.0,25.6,1.4,1.4,0.2,0.4,0.0,1.0,0.0,0.0,0.0,0.0,0.0,0.0,0.0,0.0,0.0,0.0,0.4,1.2,,2.04,14.4,11.6,5.2,3.4,1.2,3.0,2.0,2.0,100,4.8,2.0,0.0,0.4,2.4,1.2,0.4,0.0,0.0,0.0,0.0,0.0,0.0,0.0,0.0,Kouyaté ,M,NFO
Ayew (M)CRY,5 (2),52,0.2,0.0,0.2,0.0,0.0,0.0,0.0,0.0,0.0,0.0,0.0,0,0.8,0.0,0.0,0.8,0.2,25,0.01,0.01,0.04,0.17,2.02,5,5.3,1.2,0.0,5.6,5.6,5.2,12.18,7.6,18.8,15.8,84,14.2,11.0,77,6.4,4.4,69,0.2,0.0,31.6,2.2,0.8,0.2,1.4,0.0,1.2,0.0,0.0,0.0,0.0,0.0,0.0,0.0,0.0,0.0,0.0,0.0,0.8,,1.19,9.4,6.4,3.6,1.4,1.0,1.8,2.8,1.8,64,4.2,0.4,0.0,0.2,0.6,1.0,0.6,0.0,0.2,0.0,0.0,0.0,0.0,0.0,0.0,Ayew ,M,CRY
Gueye (M)EVE,5,75,0.0,0.0,0.0,0.0,0.0,0.0,0.0,0.0,0.0,0.0,0.0,0,0.4,0.0,0.0,0.0,0.0,0,0.0,0.0,0.01,0.05,2.35,1,4.9,2.0,0.0,10.8,10.8,0.4,6.1,13.36,46.4,38.6,83,21.2,16.4,77,8.2,5.2,63,0.0,0.0,60.6,0.2,4.4,0.0,0.4,0.0,2.0,0.0,0.0,0.0,0.0,0.0,0.0,0.0,0.0,0.0,0.0,0.4,1.0,,1.65,17.4,12.0,5.8,3.8,0.8,1.6,3.8,2.4,63,9.2,0.6,0.4,1.8,2.8,0.8,0.2,0.0,0.2,0.0,0.0,0.0,0.0,0.0,0.0,Gueye ,M,EVE
Cairney (M)FUL,5 (4),27,0.6,0.0,0.2,0.4,0.0,0.0,0.2,0.0,0.0,0.0,0.0,12,0.8,0.0,0.2,1.2,0.6,50,0.01,0.01,0.11,0.42,2.23,6,4.7,1.8,0.0,5.8,7.6,6.6,12.26,4.56,20.4,19.0,93,12.4,10.8,87,7.4,6.6,89,0.0,0.0,24.8,0.8,1.8,0.0,1.6,0.0,0.2,0.4,0.4,0.0,0.0,0.0,0.0,0.0,0.0,0.0,0.0,0.0,0.4,,2.16,13.0,9.8,5.8,2.4,1.4,3.4,0.2,0.0,0,1.0,0.0,0.2,0.0,0.2,1.4,0.4,0.0,0.0,0.0,0.0,0.0,0.0,0.0,0.0,Cairney ,M,FUL
Billing (M)BOU,5,82,1.4,0.6,1.2,0.2,0.2,0.0,0.2,0.2,0.2,0.0,0.0,12,0.4,0.0,0.0,1.6,0.0,0,0.11,0.11,0.13,0.93,3.57,16,5.3,3.2,0.0,6.4,10.0,17.4,6.84,18.24,26.6,20.4,77,19.4,13.0,67,10.8,7.2,67,0.2,0.0,44.6,2.8,2.8,0.0,2.0,0.0,0.8,0.0,0.0,0.0,0.0,0.0,0.0,0.0,0.0,0.0,0.0,0.2,1.6,,1.55,17.0,11.4,4.2,5.0,1.2,1.6,2.8,1.6,57,3.6,1.6,0.2,0.4,2.2,1.2,0.2,0.0,0.0,0.0,0.0,0.4,0.0,0.0,0.0,Billing ,M,BOU
Gray (M)EVE,5,81,1.6,0.6,1.0,0.6,0.0,0.0,0.4,0.0,0.0,0.0,0.0,0,1.4,0.0,0.0,6.6,1.8,27,0.12,0.12,0.25,1.32,3.87,33,5.3,2.2,0.0,10.2,10.2,21.2,25.24,10.56,27.6,22.6,82,26.6,17.8,67,13.6,10.8,79,0.0,0.0,47.6,2.6,2.2,0.2,7.8,0.0,0.8,2.6,3.4,0.8,0.8,0.2,0.0,0.0,0.0,0.0,0.0,0.4,1.2,,1.65,17.4,12.0,5.8,3.8,0.8,1.6,1.2,0.8,67,4.2,1.2,0.0,0.6,1.8,0.8,0.2,0.0,0.2,0.0,0.0,0.4,0.0,0.0,0.0,Gray ,M,EVE
Mendy (M)LEI,5 (5),24,0.2,0.0,0.0,0.2,0.0,0.0,0.0,0.0,0.0,0.0,0.0,0,0.0,0.0,0.0,0.0,0.0,0,0.0,0.0,0.0,0.0,1.57,0,4.3,1.0,0.0,3.2,3.2,0.2,0.32,1.52,11.8,9.6,81,2.8,1.8,64,1.2,1.0,83,0.0,0.0,14.4,0.0,0.6,0.0,0.2,0.0,0.2,0.0,0.0,0.0,0.0,0.0,0.0,0.0,0.0,0.0,0.0,0.0,0.2,,1.23,16.0,10.4,4.2,4.6,1.2,1.0,0.2,0.0,0,1.6,0.0,0.2,0.6,0.8,1.2,0.8,0.0,0.0,0.0,0.0,0.0,0.0,0.0,0.0,Mendy ,M,LEI
Barnes (M)LEI,5,86,2.2,1.6,1.4,0.8,0.0,0.8,0.0,0.8,0.6,0.2,0.0,40,0.4,0.8,0.0,1.0,0.0,0,0.48,0.48,0.07,2.64,5.39,39,6.9,6.8,0.0,5.2,19.6,27.6,6.68,32.32,23.0,16.4,71,15.8,10.2,65,10.4,7.0,67,0.2,0.0,37.4,3.0,2.6,1.0,2.2,0.0,0.6,0.0,0.0,0.0,0.0,0.0,0.0,0.0,0.0,0.0,0.0,0.8,0.2,,1.23,16.0,10.4,4.2,4.6,1.2,1.0,1.0,0.6,60,2.8,0.2,0.0,0.0,0.2,1.2,0.8,0.0,0.0,0.0,0.0,0.2,0.0,0.0,0.0,Barnes ,M,LEI
Tielemans (M)LEI,5,82,1.4,1.0,0.2,1.2,0.0,0.2,0.2,0.4,0.0,0.4,0.0,20,0.4,0.2,0.0,1.6,0.4,25,0.27,0.11,0.12,1.68,4.06,27,6.3,4.4,0.6,9.8,17.0,12.2,7.28,28.72,47.2,40.2,85,20.8,15.4,74,7.8,5.2,67,0.0,0.0,61.4,0.4,5.2,0.2,2.2,0.0,1.4,0.4,0.6,0.2,0.2,0.0,0.0,0.0,0.2,0.0,0.2,0.6,0.2,,1.23,16.0,10.4,4.2,4.6,1.2,1.0,2.6,1.4,54,6.4,0.4,0.6,1.2,2.2,1.2,0.8,0.0,0.2,0.0,0.0,0.0,0.0,0.0,0.0,Tielemans ,M,LEI
Lallana (M)BHA,5,48,0.6,0.2,0.6,0.0,0.4,0.2,0.0,0.2,0.2,0.0,0.0,22,1.0,0.2,0.2,0.4,0.2,50,0.1,0.1,0.05,0.66,2.97,9,4.9,4.0,0.6,6.2,11.6,8.6,12.8,12.12,17.2,15.0,87,10.8,9.2,85,6.6,5.8,88,0.0,0.0,22.4,2.4,1.2,0.0,0.2,0.0,0.0,0.2,0.0,0.0,0.0,0.0,0.0,0.0,0.0,0.0,0.0,0.2,1.0,,1.27,8.8,6.4,3.6,1.6,0.4,1.4,0.4,0.0,0,1.8,0.0,0.0,0.0,0.0,0.4,0.4,0.0,0.0,0.0,0.0,0.0,0.0,0.0,0.0,Lallana ,M,BHA
Salah (M)LIV,5,89,4.8,2.4,3.6,1.2,0.4,1.2,0.2,0.6,0.6,0.0,0.0,43,0.6,1.2,0.0,0.0,0.0,0,0.79,0.79,0.26,4.72,7.49,43,12.8,5.8,0.6,2.2,13.0,72.4,9.78,26.28,26.2,19.6,75,18.8,12.6,67,13.6,8.6,63,0.2,0.0,45.2,9.2,2.0,0.0,2.0,0.0,0.6,0.0,0.0,0.0,0.0,0.0,0.0,0.0,0.0,0.0,0.0,0.2,1.0,,2.1,11.0,8.2,5.2,2.6,1.2,3.8,0.4,0.2,50,2.2,0.2,0.0,0.0,0.2,1.2,0.6,0.0,0.0,0.0,0.0,0.6,0.0,0.0,0.0,Salah ,M,LIV
Fabinho (M)LIV,5 (1),72,0.2,0.0,0.2,0.0,0.2,0.0,0.0,0.0,0.0,0.0,0.0,0,0.4,0.0,0.0,0.0,0.0,0,0.0,0.0,0.02,0.05,2.52,1,5.3,1.8,0.0,10.8,10.8,0.8,7.5,10.8,55.4,48.8,88,28.4,23.6,83,9.8,6.6,67,0.0,0.0,64.0,0.2,6.2,0.0,1.0,0.0,0.8,0.0,0.0,0.0,0.0,0.0,0.0,0.0,0.0,0.0,0.0,0.0,0.8,,2.1,11.0,8.2,5.2,2.6,1.2,3.8,2.0,0.4,20,6.0,0.6,0.4,1.0,2.0,1.2,0.6,0.0,0.0,0.0,0.0,0.0,0.0,0.0,0.0,Fabinho ,M,LIV
Lingard (M)NFO,5 (1),59,0.8,0.2,0.4,0.4,0.0,0.0,0.0,0.0,0.0,0.0,0.0,0,0.2,0.0,0.0,0.0,0.0,0,0.04,0.04,0.02,0.25,2.47,5,5.4,2.2,0.0,4.4,4.4,6.4,3.22,1.76,12.0,7.6,63,8.0,4.6,57,4.8,2.6,54,0.0,0.0,19.0,0.8,1.8,0.2,0.6,0.0,0.4,0.0,0.0,0.0,0.0,0.0,0.0,0.0,0.0,0.0,0.0,0.6,0.6,,2.04,14.4,11.6,5.2,3.4,1.2,3.0,0.4,0.4,100,2.2,0.8,0.0,0.2,1.0,1.2,0.4,0.0,0.0,0.0,0.0,0.4,0.0,0.0,0.0,Lingard ,M,NFO
Rashford (M)MUN,5,88,2.8,1.8,2.4,0.4,0.4,1.0,0.0,0.2,0.2,0.0,0.2,14,0.2,1.0,0.0,0.8,0.2,25,0.62,0.62,0.12,3.47,6.22,38,6.7,3.6,0.0,2.6,6.2,53.4,7.44,14.08,24.4,18.8,77,18.8,14.2,76,12.4,8.4,68,0.0,0.0,40.0,6.4,1.8,0.2,1.6,0.0,0.6,0.0,0.0,0.0,0.0,0.0,0.2,0.0,0.0,0.0,0.0,0.6,0.8,,1.24,9.6,5.6,4.0,1.8,0.2,1.4,0.2,0.0,0,3.2,0.2,0.2,0.2,0.6,0.2,0.6,0.0,0.0,0.0,0.0,0.6,0.0,0.0,0.0,Rashford ,M,MUN
Andreas (M)FUL,5,86,1.2,0.6,0.4,0.8,0.0,0.4,0.6,0.2,0.2,0.0,0.0,38,3.2,0.4,0.4,8.6,3.2,37,0.28,0.13,0.37,2.49,5.05,33,4.6,4.8,0.4,8.6,15.8,15.2,47.52,23.28,24.0,16.2,68,25.6,14.8,58,11.2,7.0,63,0.0,0.0,44.2,1.6,3.2,0.2,9.8,0.0,0.8,5.4,6.0,1.2,1.2,0.6,0.2,0.0,0.2,0.2,0.0,0.4,1.0,,2.16,13.0,9.8,5.8,2.4,1.4,3.4,0.2,0.0,0,4.2,0.2,0.2,0.6,1.0,1.4,0.4,0.0,0.2,0.0,0.0,0.0,0.0,0.0,0.0,Andreas ,M,FUL
Murphy (M)NEW,5 (3),35,0.6,0.0,0.4,0.2,0.0,0.0,0.0,0.0,0.0,0.0,0.0,8,0.6,0.0,0.2,1.0,0.6,60,0.01,0.01,0.04,0.18,2.35,3,4.3,2.4,0.0,3.6,5.4,7.0,9.46,4.76,7.8,4.8,62,6.4,3.8,59,3.6,1.6,44,0.0,0.0,13.6,1.6,0.2,0.0,1.4,0.0,0.6,0.0,0.0,0.0,0.0,0.0,0.0,0.0,0.0,0.0,0.0,0.4,0.0,,0.78,8.4,5.4,2.4,2.0,0.2,0.8,0.4,0.2,50,1.4,0.0,0.0,0.0,0.0,0.2,1.0,0.0,0.0,0.0,0.0,0.0,0.0,0.0,0.0,Murphy ,M,NEW
S.Longstaff (M)NEW,5,90,1.2,0.2,0.8,0.4,0.2,0.6,0.2,0.0,0.0,0.0,0.0,8,1.2,0.6,0.2,2.0,0.8,40,0.22,0.22,0.15,1.57,4.28,21,4.4,3.0,0.0,7.8,9.6,14.8,18.12,11.48,37.6,30.4,81,24.4,17.0,70,12.0,9.2,77,0.0,0.0,51.6,2.8,4.2,0.0,1.8,0.0,1.0,0.2,0.0,0.0,0.0,0.0,0.0,0.0,0.0,0.0,0.0,0.6,0.4,,0.78,8.4,5.4,2.4,2.0,0.2,0.8,1.4,1.0,71,4.0,0.4,0.0,0.6,1.0,0.2,1.0,0.0,0.2,0.0,0.0,0.0,0.0,0.0,0.0,S.Longstaff ,M,NEW
Almirón (M)NEW,5,84,3.0,1.0,2.2,0.8,0.0,0.4,0.2,0.8,0.4,0.4,0.0,50,1.2,0.4,0.4,0.8,0.4,50,0.33,0.33,0.21,2.27,5.28,31,5.8,9.2,1.2,10.6,28.6,43.4,19.0,37.68,34.6,29.6,86,27.8,23.2,83,19.8,16.2,82,0.0,0.0,52.0,5.6,2.4,0.4,1.8,0.0,0.6,0.8,0.0,0.0,0.0,0.0,0.0,0.0,0.0,0.0,0.0,0.8,0.2,,0.78,8.4,5.4,2.4,2.0,0.2,0.8,2.2,1.2,55,4.0,0.0,0.0,0.2,0.2,0.2,1.0,0.0,0.0,0.0,0.0,0.4,0.0,0.0,0.0,Almirón ,M,NEW
Ward-Prowse (M)SOU,5,90,0.6,0.2,0.0,0.6,0.0,0.0,0.4,0.0,0.0,0.0,0.0,25,2.0,0.0,0.2,7.6,2.2,29,0.03,0.03,0.22,0.81,3.6,18,6.2,2.8,0.0,15.2,17.0,1.8,33.22,16.96,58.8,49.2,84,43.0,30.6,71,17.8,13.0,73,0.0,0.0,74.8,0.0,8.8,0.0,9.0,0.0,0.4,4.6,6.2,1.6,1.6,0.6,0.2,0.0,0.0,0.0,0.0,0.2,1.8,,1.56,12.2,7.8,4.0,3.0,0.2,2.6,1.4,0.8,57,6.0,1.0,0.2,0.8,2.0,0.2,0.2,0.0,0.0,0.0,0.0,0.0,0.0,0.0,0.0,Ward-Prowse ,M,SOU
S.Armstrong (M)SOU,5 (1),62,0.8,0.4,0.8,0.0,0.0,0.2,0.2,0.2,0.2,0.0,0.0,25,0.8,0.2,0.0,1.6,0.2,13,0.14,0.14,0.13,1.07,3.16,19,4.7,2.8,0.4,6.8,10.4,13.6,12.44,11.28,30.8,24.0,78,22.0,15.4,70,13.4,9.8,73,0.2,0.2,40.0,2.0,3.4,0.2,3.0,0.0,0.4,0.0,0.0,0.0,0.0,0.0,0.0,0.0,0.0,0.0,0.0,0.0,1.6,,1.56,12.2,7.8,4.0,3.0,0.2,2.6,0.4,0.4,100,3.2,0.4,0.0,0.2,0.6,0.2,0.2,0.0,0.2,0.0,0.0,0.0,0.0,0.0,0.0,S.Armstrong ,M,SOU
Elyounoussi (M)SOU,5,86,1.4,0.2,1.2,0.2,0.2,0.4,0.2,0.0,0.0,0.0,0.0,25,1.2,0.4,0.2,2.2,0.8,36,0.18,0.18,0.15,1.34,3.81,24,5.2,2.6,0.0,6.0,7.8,17.8,19.22,13.4,28.8,21.2,74,22.0,15.2,69,12.8,8.2,64,0.4,0.2,46.0,3.2,3.4,0.0,1.6,0.0,1.6,0.2,0.2,0.0,0.0,0.0,0.0,0.0,0.0,0.0,0.0,0.2,1.8,,1.56,12.2,7.8,4.0,3.0,0.2,2.6,2.2,0.6,27,5.2,1.6,0.2,0.8,2.6,0.2,0.2,0.0,0.2,0.0,0.0,0.4,0.0,0.0,0.0,Elyounoussi ,M,SOU
Eriksen (M)MUN,5 (1),68,0.6,0.2,0.4,0.2,0.0,0.4,0.4,0.2,0.2,0.0,0.0,43,1.6,0.4,0.4,3.4,0.6,18,0.16,0.16,0.22,1.44,4.03,19,6.3,5.4,1.0,13.4,20.6,8.0,23.94,20.8,49.0,41.0,84,35.2,27.2,77,19.8,15.6,79,0.4,0.4,58.4,0.6,8.0,0.0,5.4,0.0,0.6,3.2,2.2,0.4,0.4,0.2,0.0,0.0,0.0,0.0,0.0,0.4,0.8,,1.24,9.6,5.6,4.0,1.8,0.2,1.4,0.8,0.8,100,6.2,0.8,0.0,0.4,1.2,0.2,0.6,0.0,0.0,0.0,0.0,0.4,0.0,0.0,0.0,Eriksen ,M,MUN
Lucas Moura (M)TOT,5 (5),16,0.2,0.0,0.2,0.0,0.0,0.0,0.0,0.0,0.0,0.0,0.0,0,0.2,0.0,0.0,1.2,0.2,17,0.01,0.01,0.02,0.11,1.64,1,5.8,1.0,0.0,3.4,3.4,5.2,3.92,3.88,7.6,5.6,74,7.4,4.4,59,4.4,2.8,64,0.0,0.0,14.2,1.0,0.4,0.2,1.8,0.0,0.2,0.2,0.0,0.0,0.0,0.0,0.0,0.0,0.0,0.0,0.0,0.0,0.2,,1.77,14.4,8.6,6.0,1.6,0.8,2.2,1.2,0.8,67,1.0,0.0,0.0,0.2,0.2,0.8,0.4,0.0,0.0,0.0,0.0,0.0,0.0,0.0,0.0,Lucas Moura ,M,TOT
Rice (M)WHU,5,90,1.8,0.4,0.4,1.4,0.4,0.0,0.2,0.0,0.0,0.0,0.0,0,1.4,0.0,0.0,1.4,0.2,14,0.07,0.07,0.14,0.75,3.52,15,4.8,2.2,0.0,14.6,14.6,8.2,19.04,19.56,71.4,65.8,92,37.8,32.2,85,20.4,17.0,83,0.0,0.0,85.6,0.4,11.6,0.2,2.8,0.0,0.4,0.0,0.4,0.4,0.4,0.0,0.0,0.0,0.0,0.0,0.0,0.2,1.2,,1.6,13.4,8.4,5.0,1.6,0.4,2.0,1.6,0.6,37,9.2,1.2,1.0,1.2,3.4,0.4,0.2,0.0,0.0,0.0,0.0,0.0,0.0,0.0,0.0,Rice ,M,WHU
Neves (M)WOL,5,90,2.4,0.6,0.4,2.0,0.0,0.2,0.0,0.4,0.2,0.2,0.0,50,1.0,0.2,0.0,1.0,0.0,0,0.22,0.07,0.07,1.3,3.82,23,5.5,4.4,0.6,9.4,16.6,14.0,14.06,25.16,55.8,47.4,85,27.8,21.4,77,14.2,10.2,72,0.4,0.0,69.6,1.0,7.4,0.2,3.0,0.0,0.8,0.0,0.6,0.6,0.6,0.0,0.4,0.0,0.2,0.2,0.0,0.0,2.4,,1.5,12.8,8.8,4.6,3.2,1.0,2.0,1.8,0.6,33,5.8,1.8,0.4,0.8,3.0,1.0,0.0,0.0,0.2,0.0,0.0,0.0,0.0,0.0,0.0,Neves ,M,WOL
Gibbs-White (M)NFO,5,82,2.0,0.8,1.4,0.6,0.2,0.6,0.4,0.4,0.2,0.2,0.0,75,2.0,0.6,0.2,3.8,1.0,26,0.33,0.33,0.28,2.48,4.86,52,5.5,6.0,1.2,8.0,17.0,28.0,27.68,21.44,21.8,14.2,65,20.4,12.2,60,11.6,7.6,66,0.4,0.4,40.6,2.6,4.8,0.0,5.4,0.0,0.6,1.6,3.2,1.6,1.6,0.4,0.0,0.0,0.0,0.0,0.0,0.6,1.0,,2.04,14.4,11.6,5.2,3.4,1.2,3.0,0.4,0.2,50,4.8,0.2,0.2,0.6,1.0,1.2,0.4,0.0,0.2,0.0,0.0,0.0,0.0,0.0,0.0,Gibbs-White ,M,NFO
Moutinho (M)WOL,5 (2),64,0.8,0.0,0.2,0.6,0.0,0.0,0.2,0.0,0.0,0.0,0.0,0,1.4,0.0,0.0,1.6,0.8,50,0.01,0.01,0.13,0.42,2.68,11,4.7,1.6,0.0,10.4,10.4,3.2,19.7,6.72,34.2,27.8,81,19.0,13.8,73,10.6,7.6,72,0.0,0.0,42.6,0.4,4.4,0.0,3.6,0.0,0.4,1.2,1.4,0.4,0.4,0.2,0.0,0.0,0.0,0.0,0.0,0.0,2.0,,1.5,12.8,8.8,4.6,3.2,1.0,2.0,1.2,0.4,33,4.4,0.2,0.0,0.6,0.8,1.0,0.0,0.0,0.0,0.0,0.0,0.2,0.0,0.0,0.0,Moutinho ,M,WOL
Adama (M)WOL,5 (1),68,0.6,0.4,0.4,0.2,0.2,0.2,0.0,0.2,0.2,0.0,0.2,25,1.4,0.2,0.0,2.8,0.6,21,0.13,0.13,0.07,0.85,3.04,16,5.5,2.6,0.0,4.2,7.8,10.2,18.24,14.68,18.2,12.2,67,16.2,9.6,59,8.4,4.8,57,0.0,0.0,35.4,2.0,1.8,0.8,2.0,0.0,1.2,0.0,0.0,0.0,0.0,0.0,0.0,0.0,0.0,0.0,0.0,0.0,1.8,,1.5,12.8,8.8,4.6,3.2,1.0,2.0,0.8,0.2,25,2.8,0.4,0.2,0.0,0.6,1.0,0.0,0.0,0.0,0.0,0.0,0.2,0.0,0.0,0.0,Adama ,M,WOL
Dendoncker (M)AVL,5 (2),49,0.2,0.0,0.0,0.2,0.0,0.0,0.2,0.0,0.0,0.0,0.0,0,0.2,0.0,0.0,0.2,0.0,0,0.0,0.0,0.09,0.29,2.54,6,4.7,1.8,0.0,7.6,7.6,2.8,2.96,8.8,16.8,14.8,88,6.4,4.8,75,1.8,1.2,67,0.0,0.0,24.8,0.6,1.0,0.0,0.0,0.0,0.2,0.0,0.0,0.0,0.0,0.0,0.0,0.0,0.0,0.0,0.0,0.2,1.2,,1.91,13.0,9.0,4.6,3.2,0.4,3.0,2.0,0.6,30,3.6,1.0,0.4,1.0,2.4,0.4,0.6,0.0,0.0,0.0,0.0,0.0,0.0,0.0,0.0,Dendoncker ,M,AVL
Elliott (M)LIV,5 (1),65,1.0,0.4,0.2,0.8,0.0,0.0,0.4,0.0,0.0,0.0,0.0,14,0.8,0.0,0.2,0.8,0.0,0,0.07,0.07,0.2,0.96,3.43,11,5,2.2,0.0,9.8,11.6,10.6,13.76,10.12,41.2,33.0,80,26.8,20.0,75,14.6,9.6,66,0.6,0.4,53.8,1.4,3.6,0.2,3.6,0.0,0.6,0.0,0.0,0.0,0.0,0.0,0.0,0.0,0.0,0.0,0.0,0.0,0.8,,2.1,11.0,8.2,5.2,2.6,1.2,3.8,0.6,0.4,67,5.6,0.6,0.2,0.2,1.0,1.2,0.6,0.0,0.0,0.0,0.0,0.0,0.0,0.0,0.0,Elliott ,M,LIV
McGinn (M)AVL,5 (3),49,0.2,0.2,0.0,0.2,0.0,0.0,0.0,0.0,0.0,0.0,0.0,11,0.2,0.0,0.2,0.6,0.2,33,0.03,0.03,0.01,0.18,2.01,3,5.1,1.8,0.0,4.8,6.6,2.2,3.8,6.92,16.8,12.2,73,8.8,5.6,64,4.2,2.6,62,0.0,0.0,27.6,0.2,2.2,0.6,0.6,0.2,0.6,0.6,0.4,0.0,0.0,0.0,0.0,0.0,0.0,0.0,0.0,0.0,0.8,,1.91,13.0,9.0,4.6,3.2,0.4,3.0,1.8,1.2,67,3.2,0.6,0.0,0.2,0.8,0.4,0.6,0.0,0.2,0.0,0.0,0.0,0.0,0.0,0.0,McGinn ,M,AVL
Buendía (M)AVL,5 (1),63,1.8,0.0,1.4,0.4,0.2,0.0,0.0,0.0,0.0,0.0,0.0,0,0.8,0.0,0.0,0.4,0.0,0,0.04,0.04,0.07,0.42,2.87,8,5.7,2.0,0.0,5.6,5.6,20.2,10.84,4.88,24.4,18.6,76,15.6,11.0,71,9.6,7.2,75,0.2,0.2,38.6,2.2,3.6,0.4,1.6,0.0,1.8,0.0,0.0,0.0,0.0,0.0,0.0,0.0,0.0,0.0,0.0,0.2,1.4,,1.91,13.0,9.0,4.6,3.2,0.4,3.0,1.8,1.0,56,4.2,0.6,0.0,0.8,1.4,0.4,0.6,0.0,0.0,0.0,0.0,0.0,0.0,0.0,0.0,Buendía ,M,AVL
Fornals (M)WHU,5 (4),18,0.0,0.0,0.0,0.0,0.0,0.0,0.2,0.0,0.0,0.0,0.0,0,0.6,0.0,0.0,1.0,0.0,0,0.0,0.0,0.1,0.3,2.07,7,5,1.2,0.0,5.8,5.8,0.8,7.14,1.92,12.8,9.6,75,8.6,5.2,60,4.0,2.2,55,0.0,0.0,15.0,0.4,1.6,0.0,1.8,0.0,0.2,0.6,0.6,0.0,0.0,0.0,0.0,0.0,0.0,0.0,0.0,0.0,0.6,,1.6,13.4,8.4,5.0,1.6,0.4,2.0,0.0,0.0,0,1.4,0.0,0.0,0.0,0.0,0.4,0.2,0.0,0.0,0.0,0.0,0.0,0.0,0.0,0.0,Fornals ,M,WHU
Trossard (M)BHA,5,87,3.0,1.6,2.4,0.6,0.0,0.6,0.2,0.4,0.4,0.0,0.0,33,1.2,0.6,0.2,3.0,0.6,20,0.48,0.48,0.23,3.08,5.91,41,7.1,4.8,0.0,5.8,14.8,51.8,18.88,25.36,34.2,25.0,73,27.0,16.8,62,17.0,10.6,62,0.2,0.0,55.8,7.6,5.2,0.4,5.0,0.0,1.0,0.0,0.0,0.0,0.0,0.0,0.0,0.0,0.0,0.0,0.0,0.2,1.6,,1.27,8.8,6.4,3.6,1.6,0.4,1.4,1.2,0.6,50,4.8,0.0,0.0,0.4,0.4,0.4,0.4,0.0,0.0,0.0,0.0,0.2,0.0,0.0,0.0,Trossard ,M,BHA
Pulisic (M)CHE,5 (4),36,0.8,0.2,0.2,0.6,0.0,0.0,0.0,0.0,0.0,0.0,0.0,0,1.0,0.0,0.0,0.6,0.0,0,0.05,0.05,0.06,0.41,2.17,11,5.7,1.2,0.0,3.6,3.6,10.6,11.54,4.8,12.4,10.0,81,10.0,7.6,76,6.4,4.8,75,0.0,0.0,21.2,2.8,0.4,0.2,1.0,0.0,0.4,0.0,0.0,0.0,0.0,0.0,0.0,0.0,0.0,0.0,0.0,0.0,1.0,,1.66,12.8,9.2,5.0,2.8,0.6,2.4,0.6,0.4,67,0.6,0.6,0.0,0.2,0.8,0.6,0.0,0.0,0.0,0.0,0.0,0.0,0.0,0.0,0.0,Pulisic ,M,CHE
Douglas Luiz (M)AVL,5,83,0.6,0.2,0.0,0.6,0.0,0.0,0.0,0.0,0.0,0.0,0.0,22,1.0,0.0,0.4,2.8,0.2,7,0.03,0.03,0.04,0.28,3.02,5,4.8,3.0,0.2,11.2,13.0,3.2,12.9,14.44,36.0,31.4,87,19.2,13.4,70,7.0,5.4,77,0.0,0.0,51.8,0.0,3.4,0.0,3.0,0.0,1.2,2.4,2.6,0.6,0.6,0.0,0.0,0.0,0.0,0.0,0.0,0.2,1.8,,1.91,13.0,9.0,4.6,3.2,0.4,3.0,2.8,1.8,64,5.8,0.0,0.0,1.4,1.4,0.4,0.6,0.0,0.0,0.0,0.2,0.0,0.2,0.0,0.0,Douglas Luiz ,M,AVL
Mount (M)CHE,5,78,0.8,0.4,0.2,0.6,0.0,0.0,0.2,0.0,0.0,0.0,0.0,0,0.6,0.0,0.0,3.4,0.8,24,0.07,0.07,0.12,0.72,3.34,20,7.5,2.2,0.0,7.0,7.0,11.0,12.36,5.48,29.6,23.4,79,23.4,16.2,69,13.4,9.4,70,0.2,0.0,44.8,2.4,5.4,0.4,5.0,0.0,2.0,1.8,2.0,0.2,0.2,0.0,0.0,0.0,0.0,0.0,0.0,0.2,1.4,,1.66,12.8,9.2,5.0,2.8,0.6,2.4,1.2,0.6,50,4.0,0.4,0.0,0.2,0.6,0.6,0.0,0.0,0.0,0.0,0.0,0.0,0.0,0.0,0.0,Mount ,M,CHE
Wilson (M)FUL,5 (2),45,1.0,0.2,0.6,0.4,0.2,0.0,0.0,0.0,0.0,0.0,0.0,12,0.2,0.0,0.2,1.2,0.0,0,0.04,0.04,0.03,0.31,2.29,4,5.7,2.0,0.0,3.6,5.4,9.8,3.68,1.2,14.0,10.8,77,10.0,7.4,74,5.6,4.8,86,0.0,0.0,21.0,1.4,1.0,0.2,1.8,0.2,0.6,0.4,0.2,0.0,0.0,0.0,0.0,0.0,0.0,0.0,0.0,0.0,0.6,,2.16,13.0,9.8,5.8,2.4,1.4,3.4,0.4,0.2,50,2.0,0.0,0.0,0.2,0.2,1.4,0.4,0.0,0.0,0.0,0.0,0.2,0.0,0.0,0.0,Wilson ,M,FUL
Gordon (M)EVE,5 (2),59,1.0,0.4,0.8,0.2,0.0,0.2,0.0,0.2,0.2,0.0,0.0,33,0.4,0.2,0.0,1.8,0.4,22,0.15,0.15,0.05,0.88,2.98,18,5.3,2.8,0.0,7.0,10.6,18.0,7.22,12.72,15.4,11.6,75,11.4,7.0,61,5.6,3.8,68,0.0,0.0,27.6,1.8,0.8,0.2,2.2,0.0,0.4,0.0,0.0,0.0,0.0,0.0,0.0,0.0,0.0,0.0,0.0,0.4,0.4,,1.65,17.4,12.0,5.8,3.8,0.8,1.6,1.4,1.0,71,4.0,1.0,0.0,0.2,1.2,0.8,0.2,0.0,0.2,0.0,0.0,0.0,0.0,0.0,0.0,Gordon ,M,EVE
Soucek (M)WHU,5,81,0.8,0.2,0.4,0.4,0.2,0.2,0.2,0.0,0.0,0.0,0.0,33,0.4,0.2,0.2,0.4,0.2,50,0.11,0.11,0.11,0.87,3.35,16,5.2,2.6,0.0,8.4,10.2,11.6,6.3,15.68,36.2,27.4,76,18.2,11.6,64,8.2,4.2,51,0.0,0.0,48.6,1.6,4.0,0.0,1.2,0.0,1.6,0.0,0.0,0.0,0.0,0.0,0.0,0.0,0.0,0.0,0.0,0.2,0.8,,1.6,13.4,8.4,5.0,1.6,0.4,2.0,3.4,2.0,59,4.2,0.8,0.4,1.6,2.8,0.4,0.2,0.0,0.2,0.0,0.0,0.0,0.0,0.2,0.0,Soucek ,M,WHU
Podence (M)WOL,5 (1),67,2.0,0.8,1.6,0.4,0.0,0.2,0.2,0.0,0.0,0.0,0.0,25,1.8,0.2,0.2,2.2,0.8,36,0.23,0.23,0.21,1.78,3.82,35,5.3,2.0,0.0,5.2,7.0,34.6,24.36,12.12,18.8,14.2,76,14.8,9.8,66,10.4,6.8,65,0.6,0.0,37.8,3.8,1.4,0.0,4.8,0.0,1.2,1.6,1.4,0.0,0.0,0.0,0.0,0.0,0.0,0.0,0.0,0.0,2.0,,1.5,12.8,8.8,4.6,3.2,1.0,2.0,1.6,0.8,50,4.0,0.6,0.0,0.2,0.8,1.0,0.0,0.0,0.2,0.0,0.0,0.2,0.0,0.0,0.0,Podence ,M,WOL
Bowen (M)WHU,5,89,1.6,0.6,1.2,0.4,0.2,0.4,0.2,0.0,0.0,0.0,0.0,0,0.8,0.4,0.0,3.8,0.8,21,0.3,0.15,0.16,2.0,4.66,34,8,1.8,0.0,4.4,4.4,26.6,13.94,7.84,21.6,16.4,76,17.4,10.2,59,9.0,5.4,60,0.4,0.0,39.8,3.6,3.6,0.4,4.4,0.2,0.4,2.2,2.2,0.2,0.2,0.0,0.0,0.0,0.2,0.0,0.2,0.2,1.2,,1.6,13.4,8.4,5.0,1.6,0.4,2.0,1.2,0.8,67,4.8,0.2,0.2,0.4,0.8,0.4,0.2,0.0,0.0,0.0,0.0,0.6,0.0,0.0,0.0,Bowen ,M,WHU
Mac Allister (M)BHA,5,89,1.8,0.6,0.2,1.6,0.0,0.2,0.2,0.2,0.2,0.0,0.0,11,1.6,0.2,0.0,2.0,0.8,40,0.15,0.15,0.15,1.22,3.91,18,5.4,3.4,0.4,15.6,19.2,10.2,25.3,18.08,57.0,52.4,92,30.8,26.6,86,14.2,12.4,87,0.2,0.0,71.6,0.2,4.8,0.2,3.8,0.0,0.8,1.0,1.0,0.0,0.0,0.0,0.6,0.0,0.0,0.0,0.0,0.2,1.6,,1.27,8.8,6.4,3.6,1.6,0.4,1.4,2.2,1.8,82,5.8,0.0,0.0,1.6,1.6,0.4,0.4,0.0,0.2,0.0,0.0,0.0,0.2,0.0,0.0,Mac Allister ,M,BHA
Eze (M)CRY,5,82,2.4,0.6,1.0,1.4,0.2,0.2,0.2,0.2,0.2,0.0,0.2,40,2.2,0.2,0.2,3.0,0.8,27,0.18,0.18,0.2,1.49,4.27,37,5.7,4.6,0.8,9.8,15.2,22.6,29.46,17.24,36.0,30.6,85,27.0,20.8,77,15.0,11.8,79,0.0,0.0,52.8,3.0,4.4,0.4,4.8,0.0,1.0,2.8,2.6,0.8,0.8,0.2,0.8,0.0,0.0,0.0,0.0,0.2,1.2,,1.19,9.4,6.4,3.6,1.4,1.0,1.8,1.4,0.8,57,5.6,0.2,0.0,0.0,0.2,1.0,0.6,0.0,0.0,0.0,0.0,0.0,0.0,0.0,0.0,Eze ,M,CRY
Rodrigo (M)LEE,5 (1),66,2.6,1.4,2.2,0.4,0.4,1.0,0.0,1.0,1.0,0.0,0.2,45,0.4,1.0,0.0,1.0,0.2,20,0.6,0.45,0.1,3.3,5.69,40,6.3,6.8,0.2,3.6,21.6,39.2,7.86,36.48,18.4,14.2,77,9.4,6.8,72,6.0,4.4,73,0.2,0.0,29.2,4.2,1.6,0.0,1.2,0.0,0.2,0.0,0.0,0.0,0.0,0.0,0.2,0.0,0.2,0.2,0.0,0.0,1.8,,2.17,12.2,9.6,6.0,1.8,0.2,3.6,1.2,0.6,50,2.0,0.4,0.2,0.0,0.6,0.2,0.4,0.0,0.0,0.0,0.0,0.4,0.0,0.2,0.0,Rodrigo ,M,LEE
Ramsey (M)AVL,5 (2),57,0.4,0.2,0.2,0.2,0.0,0.0,0.2,0.2,0.2,0.0,0.0,33,0.2,0.0,0.4,0.6,0.0,0,0.04,0.04,0.09,0.47,2.69,9,5.2,4.0,0.6,5.0,12.2,6.2,3.3,15.4,17.2,13.2,77,10.0,7.0,70,5.0,3.4,68,0.0,0.0,27.2,0.8,1.6,0.4,1.2,0.0,0.4,0.0,0.0,0.0,0.0,0.0,0.0,0.0,0.0,0.0,0.0,0.0,1.0,,1.91,13.0,9.0,4.6,3.2,0.4,3.0,1.4,0.4,29,2.4,0.4,0.6,0.6,1.6,0.4,0.6,0.0,0.0,0.0,0.0,0.0,0.0,0.0,0.2,Ramsey ,M,AVL
Benrahma (M)WHU,5 (1),72,3.2,1.2,1.4,1.8,0.0,0.4,0.0,0.4,0.2,0.2,0.0,67,1.0,0.4,0.0,2.0,0.2,10,0.39,0.24,0.1,2.26,4.81,36,5.6,4.0,0.0,7.2,14.4,32.2,14.24,23.08,25.8,23.0,89,19.4,15.4,79,12.0,9.8,82,0.0,0.0,46.0,3.2,2.4,0.4,2.6,0.0,0.0,0.0,0.0,0.0,0.0,0.0,0.2,0.0,0.2,0.2,0.0,0.2,0.8,,1.6,13.4,8.4,5.0,1.6,0.4,2.0,1.0,0.4,40,4.8,0.2,0.0,0.6,0.8,0.4,0.2,0.0,0.0,0.0,0.0,0.0,0.0,0.0,0.0,Benrahma ,M,WHU
Caicedo (M)BHA,5,90,0.6,0.0,0.2,0.4,0.0,0.0,0.2,0.0,0.0,0.0,0.0,0,0.8,0.0,0.0,1.0,0.4,40,0.01,0.01,0.11,0.4,2.57,7,5,1.6,0.0,10.8,10.8,5.6,15.42,12.28,56.0,48.8,87,33.0,27.2,82,16.0,13.2,83,0.6,0.2,71.0,1.0,6.8,0.2,3.2,0.0,2.2,0.0,0.0,0.0,0.0,0.0,0.0,0.0,0.0,0.0,0.0,0.2,1.6,,1.27,8.8,6.4,3.6,1.6,0.4,1.4,3.2,1.2,37,4.8,0.4,0.0,0.8,1.2,0.4,0.4,0.0,0.6,0.0,0.0,0.0,0.0,0.0,0.0,Caicedo ,M,BHA
Summerville (M)LEE,5 (1),77,1.8,1.0,1.4,0.4,0.0,0.8,0.0,0.8,0.8,0.0,0.0,45,1.0,0.8,0.2,1.2,0.0,0,0.41,0.41,0.1,2.33,4.73,29,4.4,7.0,0.8,8.0,24.2,27.4,14.0,34.64,26.2,20.6,79,21.2,15.6,74,12.0,9.2,77,0.0,0.0,45.0,2.8,1.8,0.8,1.8,0.2,1.0,0.0,0.0,0.0,0.0,0.0,0.0,0.0,0.0,0.0,0.0,0.0,2.4,,2.17,12.2,9.6,6.0,1.8,0.2,3.6,2.0,1.4,70,4.2,0.4,0.0,0.8,1.2,0.2,0.4,0.0,0.2,0.0,0.0,0.2,0.0,0.0,0.0,Summerville ,M,LEE
Elanga (M)MUN,5 (3),30,0.8,0.4,0.8,0.0,0.2,0.0,0.0,0.0,0.0,0.0,0.0,0,0.0,0.0,0.0,0.4,0.2,50,0.07,0.07,0.03,0.45,2.24,5,4.7,1.4,0.0,3.4,3.4,11.6,2.0,2.28,9.2,7.0,76,7.0,5.0,71,5.6,4.0,71,0.0,0.0,14.8,2.6,0.0,0.0,0.6,0.0,0.0,0.0,0.0,0.0,0.0,0.0,0.0,0.0,0.0,0.0,0.0,0.2,0.2,,1.24,9.6,5.6,4.0,1.8,0.2,1.4,0.0,0.0,0,1.4,0.2,0.0,0.0,0.2,0.2,0.6,0.0,0.0,0.0,0.0,0.0,0.0,0.0,0.0,Elanga ,M,MUN
Dasilva (M)BRE,5 (3),45,1.0,0.0,0.2,0.8,0.0,0.0,0.4,0.0,0.0,0.0,0.0,20,0.4,0.0,0.2,0.6,0.2,33,0.02,0.02,0.18,0.62,2.7,11,4.2,2.0,0.0,7.8,9.6,7.8,6.14,8.36,23.2,19.0,82,11.8,8.0,68,7.6,4.6,61,0.0,0.0,32.0,1.2,4.0,0.4,1.6,0.0,0.0,0.2,0.2,0.0,0.0,0.0,0.0,0.0,0.0,0.0,0.0,0.0,0.6,,2.0,18.0,9.6,6.6,1.8,0.2,2.2,1.2,0.2,17,1.8,0.2,0.2,0.2,0.6,0.2,0.2,0.0,0.0,0.0,0.0,0.0,0.0,0.0,0.0,Dasilva ,M,BRE
Janelt (M)BRE,5,75,0.2,0.0,0.2,0.0,0.0,0.0,0.0,0.0,0.0,0.0,0.0,0,0.2,0.0,0.0,0.2,0.0,0,0.01,0.01,0.02,0.1,2.39,1,5.5,1.8,0.0,9.0,9.0,4.8,3.28,7.72,30.0,25.6,85,14.2,10.4,73,7.2,5.0,69,0.0,0.0,37.8,0.8,3.8,0.0,0.8,0.0,1.2,0.0,0.0,0.0,0.0,0.0,0.0,0.0,0.0,0.0,0.0,0.2,1.4,,2.0,18.0,9.6,6.6,1.8,0.2,2.2,1.2,0.8,67,4.4,1.4,0.4,1.0,2.8,0.2,0.2,0.0,0.2,0.0,0.0,0.0,0.0,0.0,0.0,Janelt ,M,BRE
Jensen (M)BRE,5,72,0.4,0.2,0.0,0.4,0.0,0.0,0.2,0.0,0.0,0.0,0.0,20,1.4,0.0,0.2,4.0,1.4,35,0.03,0.03,0.13,0.56,2.8,9,4.8,2.4,0.0,6.4,8.2,3.8,22.48,12.28,28.4,21.0,74,21.2,12.8,60,12.0,7.6,63,0.4,0.2,47.4,1.0,6.0,0.0,6.6,0.0,1.0,2.2,2.2,0.4,0.4,0.0,0.0,0.0,0.0,0.0,0.0,0.2,1.2,,2.0,18.0,9.6,6.6,1.8,0.2,2.2,1.8,0.8,44,3.0,0.6,0.0,1.0,1.6,0.2,0.2,0.0,0.2,0.0,0.0,0.0,0.0,0.0,0.0,Jensen ,M,BRE
Olise (M)CRY,5,81,1.8,0.2,0.8,1.0,0.0,0.0,0.2,0.2,0.2,0.0,0.0,40,2.0,0.0,0.2,5.2,1.2,23,0.08,0.08,0.2,1.0,3.8,28,5.4,4.4,0.6,12.4,17.8,26.4,30.4,20.32,42.8,34.0,79,36.8,25.6,70,21.0,15.2,72,0.0,0.0,63.2,3.4,5.6,0.4,7.6,0.0,1.2,2.0,2.4,0.8,0.8,0.0,0.2,0.0,0.0,0.0,0.0,0.2,0.8,,1.19,9.4,6.4,3.6,1.4,1.0,1.8,1.2,0.6,50,4.6,1.0,0.0,0.2,1.2,1.0,0.6,0.0,0.0,0.0,0.0,0.4,0.0,0.0,0.0,Olise ,M,CRY
Onyeka (M)BRE,5 (2),48,0.4,0.2,0.4,0.0,0.2,0.2,0.0,0.0,0.0,0.0,0.0,0,0.6,0.2,0.0,0.2,0.0,0,0.1,0.1,0.04,0.63,2.65,8,4.8,1.2,0.0,4.0,4.0,9.4,6.94,7.44,13.6,9.4,69,8.6,5.8,67,5.4,3.8,70,0.0,0.0,22.2,1.6,2.2,0.2,0.8,0.0,0.6,0.0,0.0,0.0,0.0,0.0,0.0,0.0,0.0,0.0,0.0,0.0,1.0,,2.0,18.0,9.6,6.6,1.8,0.2,2.2,1.4,0.8,57,3.8,0.6,0.4,0.4,1.4,0.2,0.2,0.0,0.0,0.0,0.0,0.2,0.0,0.0,0.0,Onyeka ,M,BRE
Bailey (M)AVL,5 (1),55,1.2,0.6,0.8,0.4,0.0,0.2,0.2,0.4,0.4,0.0,0.0,33,1.0,0.2,0.2,2.8,0.4,14,0.17,0.17,0.15,1.32,2.94,22,4.5,4.4,0.6,2.2,11.2,20.0,12.94,19.76,11.2,8.0,71,10.8,5.6,52,6.2,4.0,65,0.0,0.0,25.2,3.0,0.6,0.2,2.6,0.0,1.2,0.8,0.8,0.2,0.2,0.2,0.0,0.0,0.0,0.0,0.0,0.2,1.0,,1.91,13.0,9.0,4.6,3.2,0.4,3.0,0.6,0.0,0,2.0,0.2,0.0,0.2,0.4,0.4,0.6,0.0,0.6,0.0,0.0,0.4,0.0,0.0,0.0,Bailey ,M,AVL
Dewsbury-Hall (M)LEI,5,68,0.2,0.0,0.2,0.0,0.0,0.0,0.4,0.0,0.0,0.0,0.0,20,2.0,0.0,0.4,1.4,0.0,0,0.02,0.02,0.23,0.78,3.27,17,4.9,3.8,0.0,9.6,13.2,7.6,23.5,13.56,29.8,23.2,78,21.2,14.4,68,15.4,10.8,70,0.2,0.2,43.4,2.2,6.2,0.0,2.6,0.0,1.0,0.0,0.0,0.0,0.0,0.0,0.0,0.0,0.0,0.0,0.0,0.8,0.0,,1.23,16.0,10.4,4.2,4.6,1.2,1.0,0.4,0.2,50,5.2,0.4,0.2,0.4,1.0,1.2,0.8,0.0,0.0,0.0,0.0,0.0,0.0,0.0,0.0,Dewsbury-Hall ,M,LEI
Wissa (M)BRE,5 (3),45,1.0,0.4,0.6,0.4,0.2,0.2,0.0,0.2,0.0,0.2,0.0,40,0.6,0.2,0.2,0.6,0.0,0,0.13,0.13,0.04,0.79,2.82,10,5.3,3.4,0.4,4.0,9.4,11.6,7.52,12.72,11.2,9.4,84,8.4,6.2,74,5.4,4.0,74,0.0,0.0,21.2,2.2,1.8,0.4,1.0,0.2,0.6,0.0,0.0,0.0,0.0,0.0,0.0,0.0,0.0,0.0,0.0,0.0,0.6,,2.0,18.0,9.6,6.6,1.8,0.2,2.2,1.6,1.0,63,2.4,0.8,0.0,0.4,1.2,0.2,0.2,0.0,0.0,0.0,0.0,0.2,0.0,0.0,0.0,Wissa ,M,BRE
Bruno Guimarães (M)NEW,5,88,1.2,0.2,0.4,0.8,0.0,0.2,0.0,0.2,0.0,0.2,0.0,17,0.8,0.2,0.2,0.8,0.2,25,0.1,0.1,0.05,0.64,3.54,8,5.7,4.2,0.0,9.0,14.4,8.6,14.92,20.12,59.0,47.0,80,35.0,26.2,75,18.0,12.6,70,0.6,0.0,77.0,0.8,6.8,0.0,3.6,0.0,2.2,0.0,0.0,0.0,0.0,0.0,0.0,0.0,0.0,0.0,0.0,0.6,0.4,,0.78,8.4,5.4,2.4,2.0,0.2,0.8,1.8,1.2,67,9.8,0.4,0.4,1.8,2.6,0.2,1.0,0.0,0.0,0.0,0.0,0.0,0.0,0.2,0.0,Bruno Guimarães ,M,NEW
Bentancur (M)TOT,5 (1),78,1.6,0.8,1.6,0.0,0.6,0.4,0.0,0.6,0.6,0.0,0.0,33,0.8,0.4,0.0,2.2,0.6,27,0.27,0.27,0.09,1.65,3.87,19,5.4,5.4,1.0,14.4,25.2,29.6,14.1,35.52,46.6,39.0,84,26.2,19.6,75,12.8,9.8,77,0.2,0.2,64.8,2.2,6.0,0.0,2.4,0.0,1.2,0.2,0.0,0.0,0.0,0.0,0.0,0.0,0.0,0.0,0.0,0.0,1.8,,1.77,14.4,8.6,6.0,1.6,0.8,2.2,2.6,1.2,46,8.4,0.2,0.4,1.4,2.0,0.8,0.4,0.0,0.4,0.0,0.0,0.0,0.0,0.0,0.0,Bentancur ,M,TOT
Palhinha (M)FUL,5,90,1.0,0.2,1.0,0.0,0.6,0.0,0.0,0.0,0.0,0.0,0.0,0,0.0,0.0,0.0,0.2,0.0,0,0.04,0.04,0.02,0.26,2.97,3,5,2.4,0.0,9.8,9.8,8.2,1.8,15.96,33.6,27.8,83,17.6,14.2,81,9.4,7.8,83,0.0,0.0,51.0,1.8,5.2,0.2,1.0,0.0,1.0,0.0,0.0,0.0,0.0,0.0,0.0,0.0,0.0,0.0,0.0,0.4,1.2,,2.16,13.0,9.8,5.8,2.4,1.4,3.4,5.4,3.2,59,5.0,1.6,0.2,1.0,2.8,1.4,0.4,0.0,0.0,0.0,0.0,0.0,0.0,0.0,0.0,Palhinha ,M,FUL
Roca (M)LEE,5,71,1.0,0.4,0.4,0.6,0.0,0.0,0.2,0.0,0.0,0.0,0.0,9,0.6,0.0,0.2,1.6,0.2,13,0.08,0.08,0.12,0.76,2.87,12,4.8,2.0,0.0,9.4,11.2,13.2,9.18,14.0,38.6,32.4,84,26.0,20.0,77,12.8,9.6,75,0.0,0.0,48.8,0.6,8.2,0.0,2.2,0.0,1.0,1.0,0.8,0.0,0.0,0.0,0.2,0.0,0.0,0.0,0.0,0.0,2.2,,2.17,12.2,9.6,6.0,1.8,0.2,3.6,2.2,1.0,45,5.6,0.4,0.4,1.0,1.8,0.2,0.4,0.0,0.2,0.0,0.0,0.0,0.0,0.0,0.0,Roca ,M,LEE
Aaronson (M)LEE,5,89,1.6,0.0,1.0,0.6,0.2,0.2,0.8,0.0,0.0,0.0,0.0,9,2.6,0.2,0.2,3.0,0.4,13,0.09,0.09,0.42,1.71,4.45,29,5.5,2.6,0.0,10.6,12.4,16.0,33.84,13.6,32.4,27.0,83,28.4,21.4,75,16.0,13.2,83,0.4,0.2,54.8,3.2,3.6,0.6,4.2,0.0,0.4,2.2,2.4,0.6,0.6,0.2,0.2,0.0,0.0,0.0,0.0,0.0,2.6,,2.17,12.2,9.6,6.0,1.8,0.2,3.6,2.2,0.2,9,5.2,0.8,0.0,0.0,0.8,0.2,0.4,0.0,0.0,0.0,0.0,0.0,0.0,0.0,0.0,Aaronson ,M,LEE
Yates (M)NFO,5,90,0.8,0.4,0.4,0.4,0.0,0.2,0.0,0.0,0.0,0.0,0.0,0,0.0,0.2,0.0,0.6,0.0,0,0.12,0.12,0.02,0.66,2.94,12,5,2.2,0.0,6.4,6.4,7.4,1.04,13.08,25.2,18.2,72,10.8,6.2,57,5.6,3.8,68,0.0,0.0,39.8,1.2,3.0,0.0,0.0,0.0,3.4,0.0,0.0,0.0,0.0,0.0,0.0,0.0,0.0,0.0,0.0,0.6,1.4,,2.04,14.4,11.6,5.2,3.4,1.2,3.0,2.4,1.8,75,6.2,3.4,0.6,0.4,4.4,1.2,0.4,0.0,0.4,0.0,0.0,0.2,0.0,0.0,0.0,Yates ,M,NFO
Aribo (M)SOU,5 (2),52,0.8,0.6,0.8,0.0,0.2,0.2,0.2,0.0,0.0,0.0,0.0,0,0.8,0.2,0.0,0.4,0.0,0,0.18,0.18,0.15,1.35,3.67,24,5.2,1.8,0.0,8.6,8.6,22.6,10.04,9.04,18.2,14.2,78,13.2,9.4,71,9.6,6.4,67,0.0,0.0,28.6,2.0,2.0,0.2,2.0,0.0,0.2,0.0,0.0,0.0,0.0,0.0,0.0,0.0,0.0,0.0,0.0,0.2,0.6,,1.56,12.2,7.8,4.0,3.0,0.2,2.6,1.8,1.6,89,3.8,0.6,0.0,0.2,0.8,0.2,0.2,0.0,0.0,0.0,0.0,0.0,0.0,0.0,0.0,Aribo ,M,SOU
Tavernier (M)BOU,5,85,2.6,1.8,1.8,0.8,0.4,0.6,0.4,0.4,0.4,0.0,0.0,75,1.0,0.6,0.8,3.6,0.8,22,0.47,0.47,0.27,3.17,5.93,51,4.9,7.8,1.2,7.4,21.8,38.2,16.22,37.96,29.2,22.8,78,19.8,12.4,63,10.2,7.0,69,0.2,0.0,55.6,4.4,3.2,0.8,4.8,0.0,1.4,1.6,1.8,0.6,0.6,0.0,0.0,0.0,0.0,0.0,0.0,0.2,1.8,,1.55,17.0,11.4,4.2,5.0,1.2,1.6,1.6,1.0,63,5.4,1.2,0.0,0.4,1.6,1.2,0.2,0.0,0.0,0.0,0.0,0.0,0.0,0.0,0.0,Tavernier ,M,BOU
Onana (M)EVE,5,78,1.0,0.0,0.8,0.2,0.4,0.0,0.0,0.0,0.0,0.0,0.0,0,0.6,0.0,0.0,0.2,0.0,0,0.01,0.01,0.03,0.15,2.63,4,4.8,2.2,0.0,8.4,8.4,5.2,9.78,8.08,30.0,26.2,87,15.4,13.0,84,8.6,6.8,79,0.2,0.0,45.2,1.2,3.4,0.0,1.6,0.0,2.0,0.0,0.0,0.0,0.0,0.0,0.0,0.0,0.0,0.0,0.0,0.4,1.0,,1.65,17.4,12.0,5.8,3.8,0.8,1.6,3.0,1.8,60,4.8,1.2,0.0,0.2,1.4,0.8,0.2,0.0,0.2,0.0,0.0,0.0,0.0,0.0,0.0,Onana ,M,EVE
Freuler (M)NFO,5,87,0.2,0.2,0.0,0.2,0.0,0.0,0.0,0.0,0.0,0.0,0.0,0,0.2,0.0,0.0,0.4,0.0,0,0.03,0.03,0.01,0.18,2.46,3,4.9,2.2,0.0,8.4,8.4,1.8,3.44,10.72,36.0,27.6,77,17.2,11.4,66,9.4,5.4,57,0.0,0.0,46.6,0.2,5.6,0.0,1.2,0.0,1.4,0.0,0.0,0.0,0.0,0.0,0.0,0.0,0.0,0.0,0.0,0.6,1.4,,2.04,14.4,11.6,5.2,3.4,1.2,3.0,2.2,1.2,55,5.2,1.6,0.2,1.0,2.8,1.2,0.4,0.0,0.4,0.0,0.0,0.0,0.0,0.0,0.0,Freuler ,M,NFO
Casemiro (M)MUN,5,89,1.0,0.4,0.4,0.6,0.4,0.0,0.0,0.2,0.2,0.0,0.2,14,1.0,0.0,0.0,1.0,0.2,20,0.07,0.07,0.05,0.5,3.05,6,4.9,3.8,0.6,12.8,16.4,8.6,14.26,24.68,60.8,47.8,79,34.8,25.2,72,17.6,12.0,68,0.2,0.0,77.0,0.4,9.8,0.0,2.8,0.0,2.4,0.0,0.0,0.0,0.0,0.0,0.0,0.0,0.0,0.0,0.0,0.4,1.0,,1.24,9.6,5.6,4.0,1.8,0.2,1.4,3.8,2.2,58,7.6,2.8,0.0,1.4,4.2,0.2,0.6,0.0,0.2,0.0,0.0,0.0,0.0,0.0,0.0,Casemiro ,M,MUN
Traoré (M)WOL,5 (1),67,0.6,0.0,0.0,0.6,0.0,0.0,0.2,0.0,0.0,0.0,0.0,25,0.2,0.0,0.2,0.2,0.0,0,0.0,0.0,0.09,0.27,2.01,7,4.5,1.8,0.0,3.2,5.0,1.4,3.04,5.64,18.6,14.6,78,11.0,8.0,73,6.0,4.4,73,0.0,0.0,26.0,0.4,3.8,0.0,0.6,0.0,1.8,0.0,0.0,0.0,0.0,0.0,0.0,0.0,0.0,0.0,0.0,0.0,1.4,,1.5,12.8,8.8,4.6,3.2,1.0,2.0,1.4,0.4,29,3.8,0.2,0.0,1.0,1.2,1.0,0.0,0.0,0.4,0.0,0.0,0.0,0.0,0.0,0.0,Traoré ,M,WOL
Thiago (M)LIV,4,82,1.0,0.0,0.0,1.0,0.0,0.0,0.0,0.0,0.0,0.0,0.0,0,1.5,0.0,0.0,0.25,0.0,0,0.02,0.02,0.07,0.27,2.77,3,5.2,1.75,0.0,15.25,15.25,6.75,22.8,18.4,80.0,72.0,90,41.0,34.25,84,16.75,13.75,82,1.0,0.75,93.5,0.25,9.25,0.0,1.75,0.0,1.25,0.0,0.0,0.0,0.0,0.0,0.0,0.0,0.0,0.0,0.0,0.0,1.0,,1.98,11.25,8.75,4.75,3.25,1.0,3.5,3.5,1.75,50,8.0,0.75,0.0,0.75,1.5,1.0,0.75,0.0,0.0,0.0,0.0,0.0,0.0,0.0,0.0,Thiago ,M,LIV
Harrison (M)LEE,4 (1),58,1.0,0.25,0.75,0.25,0.0,0.25,0.0,0.0,0.0,0.0,0.0,12,0.75,0.25,0.25,3.25,0.5,15,0.13,0.13,0.06,0.82,2.94,11,5.8,2.25,0.0,2.5,4.75,14.0,12.4,4.7,21.75,14.5,67,20.25,10.5,52,12.5,7.25,58,0.25,0.0,39.0,2.75,3.5,0.25,4.25,0.0,0.75,1.75,1.75,0.5,0.5,0.25,0.25,0.0,0.0,0.0,0.0,0.0,1.5,,1.93,11.75,9.25,5.5,2.25,0.25,3.0,0.5,0.25,50,3.5,0.75,0.0,0.0,0.75,0.25,0.5,0.0,0.0,0.0,0.0,0.0,0.0,0.0,0.0,Harrison ,M,LEE
Reed (M)FUL,4,85,1.5,0.75,0.5,1.0,0.0,0.25,0.25,0.25,0.25,0.0,0.0,29,1.75,0.25,0.25,1.25,0.5,40,0.2,0.2,0.19,1.58,4.05,20,4.5,5.0,0.75,11.0,17.75,17.25,22.18,24.2,28.5,23.0,81,16.25,13.25,82,7.75,6.25,81,0.0,0.0,39.75,1.75,1.5,0.0,2.25,0.0,0.5,0.0,0.0,0.0,0.0,0.0,0.0,0.0,0.0,0.0,0.0,0.5,1.0,,1.8,12.75,9.75,5.0,2.25,1.75,2.5,1.5,0.75,50,4.0,1.25,0.25,0.0,1.5,1.75,0.5,0.0,0.25,0.0,0.0,0.0,0.0,0.0,0.0,Reed ,M,FUL
Jorginho (M)CHE,4,90,0.5,0.25,0.25,0.25,0.0,0.25,0.0,0.25,0.25,0.0,0.0,100,0.25,0.25,0.0,0.25,0.0,0,0.19,0.0,0.02,1.02,3.24,27,5.8,3.5,0.5,10.5,15.0,6.75,6.18,21.45,57.0,47.25,83,31.25,23.75,76,17.5,12.25,70,0.0,0.0,69.25,0.5,8.5,0.0,2.5,0.0,0.75,0.0,0.0,0.0,0.0,0.0,0.0,0.0,0.25,0.25,0.0,0.25,0.75,,1.45,11.25,7.75,4.0,2.75,0.75,2.25,3.25,2.0,62,7.25,0.75,0.25,1.0,2.0,0.75,0.0,0.0,0.5,0.0,0.0,0.0,0.0,0.0,0.0,Jorginho ,M,CHE
De Cordova-Reid (M)FUL,4,86,0.75,0.5,0.75,0.0,0.25,0.25,0.0,0.25,0.25,0.0,0.25,14,0.75,0.25,0.0,2.75,0.75,27,0.16,0.16,0.06,1.0,3.19,10,5.5,3.5,0.25,7.5,12.0,15.0,13.32,19.0,38.0,26.5,70,26.5,16.0,60,14.25,9.0,63,0.0,0.0,62.25,1.75,6.75,0.25,3.0,0.0,2.25,0.0,0.0,0.0,0.0,0.0,0.0,0.0,0.0,0.0,0.0,0.5,1.0,,2.06,12.25,9.25,6.0,2.25,1.25,3.25,2.0,0.75,38,6.75,1.5,0.0,0.25,1.75,1.25,0.5,0.0,0.5,0.0,0.0,0.0,0.0,0.0,0.0,De Cordova-Reid ,M,FUL
Rodri (M)MCI,4,90,2.0,0.5,1.25,0.75,0.75,0.0,0.0,0.0,0.0,0.0,0.0,0,0.75,0.0,0.0,0.5,0.25,50,0.1,0.1,0.06,0.67,3.53,9,5.6,2.25,0.0,15.75,15.75,16.75,15.12,18.8,90.0,80.0,89,53.0,47.25,89,27.25,23.75,87,0.0,0.0,102.5,1.75,11.25,0.25,2.25,0.0,0.5,0.0,0.0,0.0,0.0,0.0,0.0,0.0,0.0,0.0,0.0,0.25,1.0,,1.5,8.0,6.0,4.25,1.25,0.75,2.25,2.5,1.75,70,10.25,1.0,0.5,1.25,2.75,0.75,0.75,0.0,0.0,0.0,0.0,0.25,0.0,0.0,0.0,Rodri ,M,MCI
Garner (M)EVE,4 (4),24,0.0,0.0,0.0,0.0,0.0,0.0,0.0,0.0,0.0,0.0,0.0,0,0.0,0.0,0.0,1.25,0.0,0,0.0,0.0,0.0,0.02,1.36,0,4.5,0.75,0.0,3.75,3.75,1.5,0.95,3.55,14.5,11.25,78,10.25,6.5,63,4.0,2.0,50,0.0,0.0,19.5,0.75,1.5,0.0,1.5,0.0,0.5,1.25,1.25,0.0,0.0,0.0,0.0,0.0,0.0,0.0,0.0,0.0,0.25,,1.43,17.75,12.0,5.0,3.5,0.75,1.25,1.25,1.0,80,2.75,0.25,0.0,0.75,1.0,0.75,0.25,0.0,0.25,0.0,0.0,0.25,0.0,0.0,0.0,Garner ,M,EVE
Downes (M)WHU,4 (1),66,0.5,0.0,0.5,0.0,0.0,0.0,0.0,0.0,0.0,0.0,0.0,0,0.25,0.0,0.0,0.5,0.0,0,0.02,0.02,0.03,0.18,2.54,3,4.3,2.0,0.0,6.25,6.25,9.0,4.12,2.0,24.5,21.25,87,12.25,9.25,76,4.75,3.75,79,0.0,0.0,33.0,0.5,1.25,0.75,0.75,0.0,0.5,0.0,0.0,0.0,0.0,0.0,0.0,0.0,0.0,0.0,0.0,0.25,0.75,,1.55,14.5,9.5,4.75,2.0,0.5,2.0,0.75,0.5,67,3.0,0.25,0.0,0.25,0.5,0.5,0.25,0.0,0.0,0.0,0.0,0.0,0.0,0.0,0.0,Downes ,M,WHU
Edozie (M)SOU,4 (4),20,0.25,0.25,0.25,0.0,0.0,0.25,0.0,0.0,0.0,0.0,0.0,0,0.25,0.25,0.0,0.5,0.0,0,0.12,0.12,0.02,0.65,2.23,9,4.7,1.0,0.0,3.0,3.0,6.75,3.88,3.65,9.25,7.0,76,6.25,4.0,64,3.75,2.5,67,0.0,0.0,16.0,1.5,0.0,0.25,1.75,0.0,0.0,0.0,0.0,0.0,0.0,0.0,0.0,0.0,0.0,0.0,0.0,0.0,0.25,,1.77,11.5,7.25,4.25,2.75,0.25,3.25,0.5,0.5,100,1.0,0.5,0.0,0.25,0.75,0.25,0.0,0.0,0.0,0.0,0.0,0.0,0.0,0.0,0.0,Edozie ,M,SOU
Joelinton (M)NEW,4,78,1.25,0.5,1.0,0.25,0.5,0.25,0.25,0.25,0.25,0.0,0.0,12,0.75,0.25,0.0,1.25,0.0,0,0.16,0.16,0.15,1.28,3.49,18,5.9,3.0,0.0,8.0,12.5,14.75,11.22,16.85,35.25,29.5,84,22.75,18.25,80,13.0,11.0,85,0.0,0.0,55.25,3.5,2.75,0.25,1.25,0.0,1.25,0.0,0.0,0.0,0.0,0.0,0.0,0.0,0.0,0.0,0.0,0.5,0.25,,0.57,6.5,4.5,1.75,1.75,0.0,0.5,3.0,2.75,92,5.5,0.25,0.0,1.25,1.5,0.0,1.0,0.0,0.5,0.0,0.0,0.25,0.0,0.0,0.0,Joelinton ,M,NEW
McTominay (M)MUN,4 (4),22,0.75,0.25,0.5,0.25,0.75,0.25,0.25,0.0,0.0,0.0,0.0,0,0.5,0.25,0.0,0.0,0.0,0,0.11,0.11,0.12,0.93,2.5,10,4.9,1.0,0.0,2.5,2.5,5.5,5.85,3.45,6.25,5.25,84,5.0,4.0,80,3.0,2.25,75,0.0,0.0,10.25,1.0,0.5,0.0,0.5,0.0,0.5,0.0,0.0,0.0,0.0,0.0,0.0,0.0,0.0,0.0,0.0,0.0,0.5,,1.32,10.5,6.25,4.0,2.25,0.25,1.5,0.25,0.25,100,1.25,1.0,0.0,0.0,1.0,0.25,0.75,0.0,0.0,0.0,0.0,0.0,0.0,0.0,0.0,McTominay ,M,MUN
Martinelli (M)ARS,4,78,1.5,0.75,1.0,0.5,0.25,0.0,0.25,0.25,0.25,0.0,0.25,22,0.5,0.0,0.25,3.25,0.25,8,0.14,0.14,0.16,1.18,4.03,15,6.8,4.75,0.0,7.25,14.0,22.25,9.1,15.6,21.25,18.0,85,18.25,12.75,70,10.5,8.5,81,0.25,0.0,40.75,4.0,1.0,0.0,3.5,0.0,0.75,1.25,1.0,0.0,0.0,0.0,0.0,0.0,0.0,0.0,0.0,0.75,0.25,,0.52,7.75,4.25,2.0,0.75,0.0,0.25,0.75,0.75,100,2.75,0.75,0.25,0.75,1.75,0.0,0.75,0.0,0.0,0.0,0.0,0.5,0.0,0.0,0.0,Martinelli ,M,ARS
Foden (M)MCI,4 (3),39,1.75,0.5,1.0,0.75,0.25,0.0,0.0,0.25,0.25,0.0,0.0,14,0.75,0.0,0.0,3.25,0.5,15,0.12,0.12,0.09,0.86,2.77,11,8.3,3.0,0.5,4.25,8.75,27.75,13.02,12.35,22.75,19.0,84,21.0,15.0,71,12.0,9.75,81,0.0,0.0,32.0,4.0,0.75,0.0,3.25,0.0,0.25,1.5,1.5,0.0,0.0,0.0,0.0,0.0,0.0,0.0,0.0,0.0,0.5,,1.5,8.0,6.0,4.25,1.25,0.75,2.25,0.0,0.0,0,2.25,0.5,0.0,0.0,0.5,0.75,0.75,0.0,0.0,0.0,0.0,0.0,0.0,0.0,0.0,Foden ,M,MCI
Matheus (M)WOL,4 (1),43,1.0,0.5,0.5,0.5,0.25,0.0,0.25,0.0,0.0,0.0,0.0,0,0.75,0.0,0.0,0.0,0.0,0,0.09,0.09,0.15,0.91,2.75,21,4.8,1.25,0.0,4.5,4.5,14.0,10.1,5.05,11.25,9.25,82,7.5,5.5,73,4.75,3.75,79,0.25,0.0,18.75,1.25,0.25,0.0,0.75,0.0,1.0,0.0,0.0,0.0,0.0,0.0,0.0,0.0,0.0,0.0,0.0,0.0,1.0,,1.36,11.25,8.0,3.75,3.0,1.0,2.0,1.25,1.0,80,2.0,0.25,0.0,0.25,0.5,1.0,0.0,0.0,0.0,0.0,0.0,0.0,0.0,0.0,0.0,Matheus ,M,WOL
Bernardo (M)MCI,4,90,0.75,0.25,0.75,0.0,0.0,0.0,0.25,0.0,0.0,0.0,0.0,29,1.5,0.0,0.5,3.5,0.75,21,0.08,0.08,0.19,0.95,3.5,15,6.9,3.75,0.25,12.75,17.25,21.25,24.58,16.25,53.0,46.75,88,38.0,29.5,78,23.25,18.5,80,0.0,0.0,70.5,4.5,3.75,0.25,5.0,0.25,0.5,0.75,0.25,0.0,0.0,0.0,0.0,0.0,0.0,0.0,0.0,0.25,1.0,,1.5,8.0,6.0,4.25,1.25,0.75,2.25,1.25,0.75,60,4.5,0.5,0.0,0.75,1.25,0.75,0.75,0.0,0.25,0.0,0.0,0.0,0.0,0.0,0.0,Bernardo ,M,MCI
De Bruyne (M)MCI,4,90,2.75,1.25,0.5,2.25,0.0,0.0,0.5,0.5,0.0,0.5,0.0,43,3.5,0.0,0.25,11.0,3.5,32,0.22,0.22,0.38,2.24,5.09,32,12.6,7.25,1.75,14.0,25.25,31.75,60.4,35.9,47.0,36.5,78,49.5,32.0,65,29.75,20.5,69,1.5,0.5,75.75,5.25,5.0,0.25,16.75,0.25,1.75,3.25,3.75,0.75,0.75,0.5,0.5,0.25,0.0,0.0,0.0,0.25,1.0,,1.5,8.0,6.0,4.25,1.25,0.75,2.25,2.25,0.75,33,5.25,0.25,0.25,0.25,0.75,0.75,0.75,0.0,0.0,0.0,0.0,0.25,0.0,0.0,0.0,De Bruyne ,M,MCI
Sterling (M)CHE,4 (1),65,0.25,0.0,0.25,0.0,0.0,0.0,0.0,0.0,0.0,0.0,0.0,0,1.5,0.0,0.0,2.75,0.75,27,0.02,0.02,0.07,0.33,2.12,9,9.7,1.5,0.0,3.5,3.5,10.5,22.62,5.4,23.5,17.25,73,23.0,15.0,65,13.5,8.75,65,0.5,0.0,35.25,3.25,1.25,0.0,4.75,0.0,0.75,1.25,1.25,0.0,0.0,0.0,0.0,0.0,0.0,0.0,0.0,0.25,1.0,,1.75,13.5,9.5,5.5,3.0,0.5,2.5,0.75,0.5,67,4.0,0.0,0.0,0.0,0.0,0.5,0.0,0.0,0.5,0.0,0.0,0.5,0.0,0.0,0.0,Sterling ,M,CHE
Højbjerg (M)TOT,4,90,1.25,0.25,0.75,0.5,0.25,0.0,0.0,0.0,0.0,0.0,0.0,12,0.5,0.0,0.25,1.25,0.75,60,0.05,0.05,0.04,0.38,3.08,5,5.5,2.75,0.0,11.75,14.0,10.0,12.95,14.0,71.75,63.75,89,41.75,34.25,82,21.75,18.0,83,0.25,0.25,85.5,1.5,6.5,0.0,2.5,0.0,0.5,0.0,0.0,0.0,0.0,0.0,0.0,0.0,0.0,0.0,0.0,0.0,2.25,,1.88,14.75,8.5,6.25,2.0,0.75,2.5,0.5,0.0,0,7.5,0.75,0.0,1.5,2.25,0.75,0.5,0.0,0.0,0.0,0.0,0.0,0.0,0.0,0.0,Højbjerg ,M,TOT
Fernandes (M)MUN,4,90,2.75,1.0,0.5,2.25,0.0,0.0,1.25,0.25,0.25,0.0,0.0,33,4.25,0.0,0.25,3.0,1.25,42,0.18,0.18,0.66,2.88,5.45,38,9.8,5.25,1.0,16.0,22.75,24.75,56.92,26.15,49.5,40.0,81,37.5,29.75,79,24.5,20.25,83,1.0,0.5,67.25,2.5,4.5,0.25,5.0,0.0,1.25,2.0,1.5,0.25,0.25,0.25,0.25,0.0,0.0,0.0,0.0,0.5,0.5,,1.32,10.5,6.25,4.0,2.25,0.25,1.5,2.5,2.0,80,6.75,0.75,0.0,0.5,1.25,0.25,0.75,0.0,0.25,0.0,0.0,1.25,0.0,0.0,0.0,Fernandes ,M,MUN
Jones (M)LIV,4 (3),42,1.0,0.25,0.75,0.25,0.0,0.0,0.0,0.0,0.0,0.0,0.0,0,0.5,0.0,0.0,0.75,0.0,0,0.07,0.07,0.06,0.51,2.34,5,4.9,1.25,0.0,5.25,5.25,17.75,8.5,6.1,29.25,25.75,88,17.25,14.25,83,9.0,7.75,86,0.25,0.0,39.0,2.0,3.0,0.0,2.0,0.0,0.5,0.0,0.0,0.0,0.0,0.0,0.0,0.0,0.0,0.0,0.0,0.0,0.5,,2.18,11.5,8.0,5.25,2.25,1.25,4.0,1.0,0.5,50,3.0,0.25,0.0,0.25,0.5,1.25,0.5,0.0,0.0,0.0,0.0,0.0,0.0,0.0,0.0,Jones ,M,LIV
Soumaré (M)LEI,4,66,0.0,0.0,0.0,0.0,0.0,0.0,0.0,0.0,0.0,0.0,0.0,0,0.25,0.0,0.0,0.25,0.0,0,0.0,0.0,0.01,0.02,2.51,0,4.4,2.75,0.0,13.0,13.0,0.0,5.3,10.8,36.25,32.5,90,14.25,12.25,86,5.0,3.75,75,0.25,0.25,48.5,0.0,3.25,0.0,0.75,0.0,0.5,0.0,0.0,0.0,0.0,0.0,0.0,0.0,0.0,0.0,0.0,1.0,0.0,,1.3,16.25,11.25,4.0,4.5,1.5,1.25,2.75,1.5,55,5.25,1.75,0.0,2.0,3.75,1.5,1.0,0.0,0.25,0.0,0.0,0.0,0.0,0.0,0.0,Soumaré ,M,LEI
Milner (M)LIV,4 (3),26,0.0,0.0,0.0,0.0,0.0,0.0,0.0,0.0,0.0,0.0,0.0,0,1.25,0.0,0.0,2.75,1.0,36,0.0,0.0,0.04,0.16,1.98,2,4.4,1.25,0.0,7.0,7.0,2.0,18.5,10.4,22.5,18.75,83,17.5,12.5,71,9.75,7.0,72,0.0,0.0,35.75,1.0,4.5,0.25,4.25,0.0,0.75,0.75,1.25,0.5,0.5,0.25,0.0,0.0,0.0,0.0,0.0,0.0,0.5,,2.08,10.25,7.5,5.25,1.75,1.0,3.75,1.25,0.25,20,1.5,0.5,0.25,0.5,1.25,1.0,0.5,0.0,0.0,0.0,0.0,0.0,0.0,0.0,0.0,Milner ,M,LIV
Adams (M)LEE,4,89,0.0,0.0,0.0,0.0,0.0,0.0,0.0,0.0,0.0,0.0,0.0,0,1.25,0.0,0.0,0.25,0.0,0,0.0,0.0,0.04,0.13,2.91,2,4.9,1.25,0.0,13.75,11.5,0.0,16.08,14.05,56.5,47.25,84,35.25,28.5,81,14.75,10.5,71,0.0,0.0,69.75,0.0,8.5,0.25,1.0,0.0,2.25,0.0,0.0,0.0,0.0,0.0,0.0,0.0,0.0,0.0,0.0,0.0,2.5,,2.11,12.5,9.5,6.25,1.25,0.0,3.25,4.0,2.0,50,8.25,1.0,0.0,1.25,2.25,0.0,0.5,0.0,0.0,0.25,0.25,0.0,0.0,0.0,0.0,Adams ,M,LEE
Xhaka (M)ARS,4,67,1.25,0.5,0.5,0.75,0.0,0.25,0.0,0.25,0.25,0.0,0.0,11,1.25,0.25,0.0,0.75,0.0,0,0.17,0.17,0.08,1.1,3.8,13,5.1,4.25,0.75,11.5,16.0,18.0,18.15,18.05,36.75,31.5,86,25.5,21.0,82,16.75,13.75,82,0.25,0.0,46.75,2.25,7.75,0.25,1.25,0.0,0.25,0.0,0.0,0.0,0.0,0.0,0.0,0.0,0.0,0.0,0.0,0.5,0.25,,0.52,7.75,4.25,2.0,0.75,0.0,0.25,1.25,1.0,80,3.75,1.0,0.25,0.0,1.25,0.0,0.75,0.0,0.0,0.0,0.0,0.0,0.0,0.25,0.0,Xhaka ,M,ARS
Henderson (M)LIV,4 (3),40,1.0,0.25,0.25,0.75,0.0,0.0,0.0,0.0,0.0,0.0,0.0,0,0.5,0.0,0.0,0.5,0.0,0,0.05,0.05,0.04,0.35,2.23,4,5.3,1.5,0.0,7.75,7.75,8.25,9.15,6.25,45.5,39.0,86,28.5,23.0,81,15.25,11.75,77,0.25,0.25,51.0,1.0,6.75,0.0,2.0,0.0,0.25,0.0,0.0,0.0,0.0,0.0,0.0,0.0,0.0,0.0,0.0,0.25,0.25,,2.18,11.5,8.0,5.25,2.25,1.25,4.0,0.75,0.5,67,3.5,0.25,0.0,0.5,0.75,1.25,0.5,0.0,0.0,0.0,0.0,0.0,0.0,0.0,0.0,Henderson ,M,LIV
Maitland-Niles (M)SOU,4 (2),63,0.0,0.0,0.0,0.0,0.0,0.0,0.0,0.0,0.0,0.0,0.0,0,1.0,0.0,0.0,1.0,0.5,50,0.0,0.0,0.04,0.12,2.1,2,4.8,1.5,0.0,11.0,11.0,1.0,14.32,10.85,34.5,30.0,87,19.75,15.25,77,11.0,8.25,75,0.0,0.0,49.0,0.5,5.0,0.0,1.5,0.0,0.5,0.0,0.0,0.0,0.0,0.0,0.0,0.0,0.0,0.0,0.0,0.25,1.0,,1.56,12.25,8.0,4.25,3.5,0.25,2.5,1.75,1.25,71,5.5,1.0,0.0,0.5,1.5,0.25,0.25,0.0,0.25,0.0,0.0,0.0,0.0,0.0,0.0,Maitland-Niles ,M,SOU
Saka (M)ARS,4,74,1.0,0.0,0.5,0.5,0.0,0.0,0.25,0.0,0.0,0.0,0.0,22,2.25,0.0,0.5,4.75,1.5,32,0.02,0.02,0.18,0.64,2.68,10,8,3.25,0.0,5.75,10.25,7.75,33.68,13.95,31.25,26.0,83,30.0,21.75,73,17.25,13.25,77,0.0,0.0,48.75,2.25,1.5,0.5,6.0,0.0,1.5,2.5,2.25,0.25,0.25,0.0,0.0,0.0,0.0,0.0,0.0,0.5,0.25,,0.52,7.75,4.25,2.0,0.75,0.0,0.25,1.0,0.75,75,4.25,0.0,0.0,0.5,0.5,0.0,0.75,0.0,0.5,0.0,0.0,0.25,0.0,0.0,0.0,Saka ,M,ARS
Maddison (M)LEI,4,73,2.5,0.5,2.0,0.5,0.0,0.0,0.25,0.5,0.5,0.0,0.0,50,2.5,0.0,0.5,2.75,1.0,36,0.13,0.13,0.25,1.38,3.86,23,8.2,6.75,0.5,10.75,24.25,31.5,33.12,32.25,24.5,21.0,86,17.5,13.0,74,10.5,8.25,79,0.25,0.25,38.0,5.0,3.75,0.25,4.25,0.0,0.5,2.25,3.0,1.0,1.0,0.5,0.0,0.0,0.0,0.0,0.0,0.5,0.25,,1.32,16.5,11.25,4.75,5.25,0.75,1.0,1.25,0.25,20,3.0,0.0,0.0,1.0,1.0,0.75,0.75,0.0,0.0,0.0,0.0,0.25,0.0,0.0,0.0,Maddison ,M,LEI
Ødegaard (M)ARS,4,87,2.0,1.0,1.5,0.5,0.25,0.5,0.75,0.75,0.75,0.0,0.0,33,2.75,0.5,0.0,4.75,0.75,16,0.34,0.34,0.45,3.07,6.09,40,6.4,7.75,1.25,13.0,26.5,36.5,36.68,34.5,38.75,32.75,85,35.0,25.5,73,19.5,15.5,79,0.0,0.0,55.0,5.0,4.5,0.0,8.25,0.0,1.25,2.0,3.0,1.25,1.25,0.25,0.25,0.0,0.0,0.0,0.0,0.75,0.25,,0.52,7.75,4.25,2.0,0.75,0.0,0.25,1.0,0.25,25,3.75,0.5,0.25,0.25,1.0,0.0,0.75,0.0,0.0,0.0,0.0,0.0,0.0,0.0,0.0,Ødegaard ,M,ARS
Guedes (M)WOL,4 (2),50,2.0,0.75,1.5,0.5,0.25,0.25,0.0,0.25,0.25,0.0,0.0,25,0.25,0.25,0.0,3.0,0.75,25,0.22,0.22,0.06,1.25,3.37,25,5.9,2.75,0.0,4.25,8.75,23.75,7.75,11.5,14.5,10.75,74,14.0,9.0,64,7.25,5.0,69,0.0,0.0,26.0,3.5,1.25,0.25,3.0,0.0,1.25,1.75,1.5,0.0,0.0,0.0,0.25,0.0,0.0,0.0,0.0,0.0,1.25,,1.56,14.75,10.0,4.75,3.75,0.75,2.0,1.0,0.75,75,3.25,0.0,0.0,0.25,0.25,0.75,0.0,0.0,0.0,0.0,0.0,0.75,0.0,0.0,0.0,Guedes ,M,WOL
Partey (M)ARS,4,90,1.5,0.25,0.75,0.75,0.75,0.25,0.0,0.25,0.0,0.25,0.0,11,0.75,0.25,0.0,0.25,0.0,0,0.13,0.13,0.05,0.79,3.49,9,4.8,4.0,0.25,12.5,17.0,11.75,12.98,21.2,76.75,68.75,90,45.25,38.5,85,23.0,18.0,78,0.5,0.25,90.25,1.0,13.75,0.0,4.25,0.0,0.5,0.0,0.0,0.0,0.0,0.0,0.0,0.0,0.0,0.0,0.0,0.75,0.25,,0.52,7.75,4.25,2.0,0.75,0.0,0.25,2.0,1.0,50,8.25,1.5,0.0,0.75,2.25,0.0,0.75,0.0,0.25,0.0,0.0,0.0,0.0,0.25,0.0,Partey ,M,ARS
Gallagher (M)CHE,4 (1),52,0.75,0.75,0.75,0.0,0.25,0.0,0.25,0.0,0.0,0.0,0.0,100,0.75,0.0,0.25,2.0,0.5,25,0.12,0.12,0.14,1.04,2.93,30,5.7,2.0,0.0,7.25,9.5,12.75,11.72,13.2,22.0,18.0,82,13.75,10.25,75,6.5,5.5,85,0.0,0.0,36.0,0.75,1.75,0.0,2.5,0.0,0.75,0.25,0.5,0.25,0.25,0.25,0.0,0.0,0.0,0.0,0.0,0.0,1.0,,1.74,12.75,10.0,4.75,3.0,0.75,2.75,1.0,0.75,75,3.5,1.0,0.25,0.5,1.75,0.75,0.0,0.0,0.25,0.0,0.0,0.0,0.0,0.0,0.0,Gallagher ,M,CHE
Praet (M)LEI,3 (2),54,0.33,0.0,0.33,0.0,0.0,0.0,0.0,0.0,0.0,0.0,0.0,12,0.0,0.0,0.33,0.67,0.0,0,0.0,0.0,0.0,0.04,2.31,1,4.8,3.33,0.0,6.0,9.0,2.67,2.8,3.8,15.33,12.33,80,11.67,9.0,77,4.33,3.33,77,0.33,0.33,25.67,1.0,1.0,0.33,1.33,0.0,0.67,0.33,0.0,0.0,0.0,0.0,0.0,0.0,0.0,0.0,0.0,0.67,0.0,,1.33,17.67,11.33,4.67,4.67,1.67,1.0,1.33,1.0,75,4.67,0.33,0.0,0.33,0.67,1.67,1.0,0.0,0.0,0.0,0.0,0.0,0.0,0.0,0.0,Praet ,M,LEI
Fábio Vieira (M)ARS,3 (3),35,1.0,0.0,0.67,0.33,0.33,0.0,0.33,0.0,0.0,0.0,0.0,12,0.33,0.0,0.33,1.33,0.0,0,0.03,0.03,0.16,0.61,2.69,9,5.7,2.67,0.0,3.33,6.33,12.0,4.77,6.0,16.0,13.0,81,11.67,8.33,71,5.0,3.67,73,0.0,0.0,23.0,1.33,1.67,0.0,1.33,0.0,0.33,0.0,0.0,0.0,0.0,0.0,0.0,0.0,0.0,0.0,0.0,0.33,0.0,,0.59,8.67,4.33,2.33,0.67,0.0,0.33,0.33,0.0,0,2.33,0.0,0.0,0.33,0.33,0.0,0.67,0.0,0.0,0.0,0.0,0.0,0.0,0.0,0.0,Fábio Vieira ,M,ARS
James (M)FUL,3 (3),20,1.0,0.67,1.0,0.0,0.33,0.33,0.0,0.33,0.33,0.0,0.0,20,0.33,0.33,0.0,1.0,0.0,0,0.22,0.22,0.05,1.28,2.91,14,6,2.67,0.0,2.67,8.67,21.0,3.77,12.2,5.67,3.67,65,5.33,2.33,44,4.0,2.0,50,0.0,0.0,10.33,2.0,1.0,0.33,1.0,0.0,0.0,0.0,0.0,0.0,0.0,0.0,0.0,0.0,0.0,0.0,0.0,0.0,0.67,,2.42,14.0,10.33,6.67,3.0,1.67,3.67,0.0,0.0,0,1.33,0.0,0.0,0.0,0.0,1.67,0.33,0.0,0.0,0.0,0.0,0.0,0.0,0.0,0.0,James ,M,FUL
Christie (M)BOU,3 (1),43,0.67,0.0,0.67,0.0,0.33,0.0,0.0,0.0,0.0,0.0,0.0,0,1.0,0.0,0.0,0.0,0.0,0,0.03,0.03,0.06,0.32,2.25,6,5.3,1.33,0.0,5.0,5.0,12.67,13.53,5.33,14.33,12.67,88,9.0,8.0,89,6.33,5.33,84,0.67,0.0,23.0,1.0,1.33,0.0,0.33,0.0,0.33,0.0,0.0,0.0,0.0,0.0,0.0,0.0,0.0,0.0,0.0,0.0,0.67,,1.26,14.67,8.67,3.33,3.67,1.33,1.33,1.0,1.0,100,3.0,0.33,0.0,0.33,0.67,1.33,0.33,0.0,0.0,0.0,0.0,0.0,0.0,0.0,0.0,Christie ,M,BOU
Anthony (M)BOU,3 (3),27,0.67,0.67,0.67,0.0,0.67,0.33,0.0,0.33,0.33,0.0,0.33,20,0.0,0.33,0.0,0.33,0.0,0,0.22,0.22,0.04,1.19,2.82,17,5.2,2.67,0.0,3.67,9.67,18.0,2.17,16.13,10.67,8.33,78,7.0,5.0,71,4.0,3.0,75,0.67,0.0,16.0,1.33,0.67,0.33,1.67,0.0,0.0,0.0,0.0,0.0,0.0,0.0,0.0,0.0,0.0,0.0,0.0,0.0,1.0,,1.63,19.33,11.67,4.67,5.67,1.67,1.67,0.67,0.67,100,1.67,1.0,0.0,0.0,1.0,1.67,0.33,0.0,0.0,0.0,0.0,0.0,0.0,0.0,0.0,Anthony ,M,BOU
Milivojevic (M)CRY,3 (1),55,1.33,0.0,0.0,1.33,0.0,0.0,0.0,0.0,0.0,0.0,0.0,0,0.33,0.0,0.0,0.0,0.0,0,0.01,0.01,0.02,0.1,2.48,3,4.3,2.0,0.0,9.0,9.0,3.67,5.73,9.73,30.33,24.67,81,15.0,12.33,82,7.0,5.33,76,0.0,0.0,40.67,0.0,2.67,0.0,0.0,0.0,0.33,0.0,0.0,0.0,0.0,0.0,0.33,0.0,0.0,0.0,0.0,0.33,0.33,,1.31,9.33,6.0,4.0,1.67,0.67,2.0,1.67,1.0,60,3.33,2.33,0.33,1.0,3.67,0.67,0.67,0.0,0.0,0.0,0.0,0.0,0.0,0.0,0.0,Milivojevic ,M,CRY
Diallo (M)SOU,3 (1),45,0.0,0.0,0.0,0.0,0.0,0.0,0.0,0.0,0.0,0.0,0.0,0,0.0,0.0,0.0,0.0,0.0,0,0.0,0.0,0.0,0.0,2.01,0,4.3,1.33,0.0,8.0,8.0,0.0,1.23,7.0,22.67,19.0,84,8.67,6.67,77,2.0,1.33,67,0.0,0.0,31.33,0.0,0.67,0.0,0.0,0.0,1.0,0.0,0.0,0.0,0.0,0.0,0.0,0.0,0.0,0.0,0.0,0.0,0.67,,1.08,13.0,7.0,3.0,2.0,0.0,1.33,2.67,1.33,50,4.0,0.67,0.0,0.0,0.67,0.0,0.33,0.0,0.0,0.0,0.0,0.0,0.0,0.0,0.0,Diallo ,M,SOU
Walcott (M)SOU,3 (2),37,0.0,0.0,0.0,0.0,0.0,0.0,0.0,0.0,0.0,0.0,0.0,0,0.0,0.0,0.0,1.33,0.0,0,0.0,0.0,0.0,0.03,1.5,0,4.8,1.0,0.0,0.67,0.67,2.0,0.87,1.2,6.67,5.33,80,6.33,4.0,63,3.33,2.67,80,0.0,0.0,12.33,1.0,0.67,0.0,0.67,0.0,0.67,0.0,0.0,0.0,0.0,0.0,0.0,0.0,0.0,0.0,0.0,0.0,1.0,,2.04,11.33,8.33,4.67,3.33,0.33,4.0,0.67,0.33,49,1.33,0.0,0.0,0.33,0.33,0.33,0.0,0.0,0.33,0.0,0.0,1.33,0.0,0.0,0.0,Walcott ,M,SOU
Kebano (M)FUL,3 (1),59,0.33,0.33,0.33,0.0,0.0,0.0,0.0,0.0,0.0,0.0,0.0,17,0.33,0.0,0.33,1.33,0.0,0,0.07,0.07,0.04,0.44,2.68,4,5.4,3.33,0.0,3.67,6.67,11.67,5.3,3.73,11.33,9.33,82,10.0,7.0,70,6.0,4.67,78,0.0,0.0,25.33,3.33,0.33,1.0,0.33,0.0,0.67,0.33,0.0,0.0,0.0,0.0,0.0,0.0,0.0,0.0,0.0,0.67,0.33,,1.55,11.67,9.0,5.0,2.0,1.67,2.0,0.33,0.33,100,2.67,0.33,0.0,0.33,0.67,1.67,0.67,0.0,0.0,0.0,0.0,0.0,0.0,0.0,0.0,Kebano ,M,FUL
Damsgaard (M)BRE,3 (3),37,0.0,0.0,0.0,0.0,0.0,0.0,0.0,0.0,0.0,0.0,0.0,0,0.0,0.0,0.0,1.33,0.0,0,0.0,0.0,0.0,0.03,1.33,1,5.1,0.67,0.0,4.0,4.0,2.0,1.43,5.53,17.67,13.0,74,13.67,8.67,63,8.0,5.33,67,0.0,0.0,25.33,1.0,4.67,0.0,2.0,0.0,0.67,0.0,1.0,1.0,1.0,0.0,0.0,0.0,0.0,0.0,0.0,0.0,0.67,,2.28,15.67,9.0,7.33,2.0,0.33,3.0,1.67,1.33,80,3.67,0.33,0.0,0.33,0.67,0.33,0.0,0.0,0.33,0.0,0.0,0.0,0.0,0.0,0.0,Damsgaard ,M,BRE
Chamberlain (M)LIV,3 (3),10,0.0,0.0,0.0,0.0,0.0,0.0,0.0,0.0,0.0,0.0,0.0,0,0.33,0.0,0.0,0.33,0.0,0,0.0,0.0,0.01,0.03,1.55,0,4.9,1.0,0.0,2.67,2.67,0.0,3.43,0.47,2.0,1.67,84,1.67,1.0,60,0.67,0.33,49,0.0,0.0,3.33,0.0,0.33,0.0,0.33,0.0,0.33,0.0,0.0,0.0,0.0,0.0,0.0,0.0,0.0,0.0,0.0,0.0,0.0,,2.17,11.0,8.67,5.67,3.33,1.67,4.0,0.0,0.0,0,0.33,0.0,0.0,0.0,0.0,1.67,0.67,0.0,0.0,0.0,0.0,0.0,0.0,0.0,0.0,Chamberlain ,M,LIV
Carvalho (M)LIV,3 (1),40,1.33,0.33,1.33,0.0,0.67,0.33,0.0,0.0,0.0,0.0,0.0,0,0.33,0.33,0.0,0.0,0.0,0,0.17,0.17,0.05,1.0,2.91,9,5.4,1.33,0.0,2.33,2.33,17.0,6.97,3.0,15.33,12.67,83,10.0,8.33,83,7.0,5.33,76,0.0,0.0,24.67,2.33,0.67,0.33,0.67,0.0,0.33,0.0,0.0,0.0,0.0,0.0,0.0,0.0,0.0,0.0,0.0,0.0,0.33,,2.23,9.0,7.33,5.0,2.0,1.0,4.33,1.33,1.33,100,2.33,0.0,0.0,0.67,0.67,1.0,0.67,0.0,0.0,0.0,0.0,0.0,0.0,0.0,0.0,Carvalho ,M,LIV
Gündogan (M)MCI,3,89,1.67,0.67,1.0,0.67,0.33,0.33,0.33,0.0,0.0,0.0,0.0,25,1.33,0.33,0.33,0.0,0.0,0,0.21,0.21,0.21,1.68,4.48,24,7.3,3.33,0.0,10.67,13.67,16.67,22.03,13.93,46.67,41.67,89,36.0,32.0,89,18.67,15.67,84,0.67,0.67,56.33,3.67,6.0,0.33,2.33,0.0,0.67,0.0,0.0,0.0,0.0,0.0,0.0,0.0,0.0,0.0,0.0,0.33,1.0,,1.75,8.0,6.33,5.0,1.33,1.0,2.67,0.67,0.33,49,3.67,0.0,0.0,0.67,0.67,1.0,0.67,0.0,0.0,0.0,0.0,0.0,0.0,0.0,0.0,Gündogan ,M,MCI
Fred (M)MUN,3 (2),46,2.67,0.67,1.33,1.33,0.33,0.33,0.33,0.33,0.0,0.33,0.0,25,1.33,0.33,0.0,0.33,0.33,100,0.23,0.23,0.22,1.8,3.49,25,5.1,3.67,0.67,6.0,12.0,23.67,18.57,17.33,26.0,19.33,74,17.67,14.0,79,11.33,9.0,79,0.33,0.33,38.33,2.0,2.67,0.33,0.67,0.0,1.0,0.0,0.0,0.0,0.0,0.0,0.0,0.0,0.0,0.0,0.0,0.33,0.33,,1.11,9.33,5.0,3.0,2.0,0.0,1.33,0.67,0.67,100,3.67,0.33,0.0,0.67,1.0,0.0,0.67,0.0,0.33,0.0,0.0,0.0,0.0,0.0,0.0,Fred ,M,MUN
Shelvey (M)NEW,3 (3),11,0.0,0.0,0.0,0.0,0.0,0.0,0.0,0.0,0.0,0.0,0.0,0,0.0,0.0,0.0,0.0,0.0,0,0.0,0.0,0.0,0.0,1.65,0,4.8,1.0,0.0,2.67,2.67,0.0,0.3,0.93,8.67,6.33,73,5.67,3.33,59,4.33,2.33,54,0.0,0.0,9.33,0.0,3.67,0.0,0.33,0.0,0.33,0.0,0.0,0.0,0.0,0.0,0.0,0.0,0.0,0.0,0.0,0.0,0.33,,1.15,12.0,7.33,3.33,2.33,0.33,1.33,0.33,0.0,0,1.33,0.0,0.0,0.33,0.33,0.33,1.0,0.0,0.0,0.0,0.0,0.0,0.0,0.0,0.0,Shelvey ,M,NEW
C.Doucouré (M)CRY,3,84,0.67,0.67,0.0,0.67,0.0,0.0,0.0,0.0,0.0,0.0,0.0,0,0.33,0.0,0.0,0.0,0.0,0,0.09,0.09,0.02,0.53,3.08,10,5,1.67,0.0,13.0,13.0,4.67,6.63,12.8,52.0,47.67,92,24.67,21.0,85,12.67,10.67,84,0.0,0.0,62.33,0.0,7.0,0.0,0.67,0.0,0.67,0.0,0.0,0.0,0.0,0.0,0.0,0.0,0.0,0.0,0.0,0.0,1.0,,0.79,8.0,5.67,2.67,1.33,1.33,1.0,2.67,1.33,50,5.33,0.67,0.0,1.33,2.0,1.33,0.67,0.0,0.33,0.0,0.0,0.0,0.0,0.0,0.0,C.Doucouré ,M,CRY
O'Brien (M)NFO,3 (3),12,0.33,0.0,0.0,0.33,0.0,0.0,0.0,0.0,0.0,0.0,0.0,0,0.0,0.0,0.0,0.33,0.0,0,0.0,0.0,0.0,0.01,1.61,0,4.8,1.0,0.0,2.67,2.67,0.33,0.63,1.67,6.33,4.67,74,5.67,3.67,65,3.33,2.0,60,0.0,0.0,8.67,0.0,2.67,0.0,0.67,0.0,0.0,0.0,0.0,0.0,0.0,0.0,0.0,0.0,0.0,0.0,0.0,0.0,0.33,,1.84,12.67,10.0,4.0,2.33,0.67,2.67,0.0,0.0,0,0.67,0.0,0.33,0.0,0.33,0.67,0.33,0.0,0.0,0.0,0.0,0.0,0.0,0.0,0.0,O'Brien ,M,NFO
Son (M)TOT,3,90,3.0,1.33,1.0,2.0,0.0,0.33,0.33,0.0,0.0,0.0,0.0,0,3.0,0.33,0.0,8.33,2.33,28,0.33,0.33,0.29,2.5,5.18,40,11.6,2.0,0.0,5.0,5.0,30.67,42.97,9.4,21.67,18.33,85,25.33,16.0,63,11.0,8.67,79,0.0,0.0,40.33,3.33,1.0,0.0,8.0,0.0,0.67,6.67,6.33,0.67,0.67,0.0,0.33,0.0,0.0,0.0,0.0,0.0,2.0,,1.68,15.67,9.0,6.33,1.67,0.33,1.67,0.67,0.33,49,1.67,0.0,0.0,0.67,0.67,0.33,0.33,0.0,0.0,0.0,0.0,0.67,0.0,0.0,0.0,Son ,M,TOT
Skipp (M)TOT,3 (1),37,0.33,0.33,0.33,0.0,0.0,0.0,0.0,0.0,0.0,0.0,0.0,0,1.0,0.0,0.0,2.33,0.33,14,0.05,0.05,0.05,0.42,1.97,7,4.3,1.0,0.0,3.33,3.33,6.33,14.9,2.8,14.33,11.0,77,14.0,9.33,67,8.0,5.33,67,0.33,0.0,18.33,0.67,1.33,0.33,2.33,0.0,0.67,0.0,0.0,0.0,0.0,0.0,0.0,0.0,0.0,0.0,0.0,0.0,1.0,,1.68,15.67,9.0,6.33,1.67,0.33,1.67,0.0,0.0,0,0.67,0.0,0.0,0.0,0.0,0.33,0.33,0.0,0.33,0.0,0.0,0.0,0.0,0.0,0.0,Skipp ,M,TOT
A.Doucouré (M)EVE,3 (3),16,0.0,0.0,0.0,0.0,0.0,0.0,0.0,0.0,0.0,0.0,0.0,0,0.0,0.0,0.0,0.0,0.0,0,0.0,0.0,0.0,0.02,1.63,0,5.3,1.0,0.0,3.0,3.0,1.33,1.43,1.0,11.67,8.0,69,8.0,5.33,67,4.0,2.0,50,0.0,0.0,13.67,0.67,0.0,0.0,0.33,0.0,0.33,0.0,0.0,0.0,0.0,0.0,0.0,0.0,0.0,0.0,0.0,0.0,0.33,,1.81,15.67,10.67,6.33,2.67,0.33,2.0,0.33,0.0,0,0.0,0.0,0.0,0.0,0.0,0.33,0.33,0.0,0.0,0.0,0.0,0.0,0.0,0.0,0.0,A.Doucouré ,M,EVE
Hwang (M)WOL,3 (2),31,0.0,0.0,0.0,0.0,0.0,0.0,0.0,0.0,0.0,0.0,0.0,0,0.0,0.0,0.0,0.0,0.0,0,0.0,0.0,0.0,0.04,1.88,0,5.7,1.33,0.0,3.0,3.0,2.67,1.43,0.07,6.33,4.33,68,4.0,2.0,50,2.67,1.33,50,0.0,0.0,11.0,1.33,1.33,0.33,0.33,0.0,1.0,0.0,0.0,0.0,0.0,0.0,0.0,0.0,0.0,0.0,0.0,0.0,0.67,,1.6,12.67,8.33,5.33,2.67,1.0,2.0,0.33,0.33,100,0.67,0.0,0.0,0.0,0.0,1.0,0.0,0.0,0.0,0.0,0.0,0.0,0.0,0.0,0.0,Hwang ,M,WOL
Grealish (M)MCI,3,77,0.67,0.0,0.67,0.0,0.0,0.0,0.0,0.0,0.0,0.0,0.0,17,1.33,0.0,0.33,3.33,0.33,10,0.02,0.02,0.07,0.33,2.99,5,6.8,3.33,0.0,6.33,9.33,11.33,21.2,3.47,37.33,32.67,88,30.33,23.33,77,19.67,16.33,83,0.0,0.0,50.67,2.67,0.67,1.33,4.67,0.0,1.33,3.33,2.67,0.0,0.0,0.0,0.0,0.0,0.0,0.0,0.0,0.33,0.67,,0.95,7.33,5.33,3.0,1.33,0.67,1.0,0.67,0.33,49,3.67,0.0,0.0,0.0,0.0,0.67,1.0,0.0,0.0,0.0,0.0,0.0,0.0,0.0,0.0,Grealish ,M,MCI
Harris (M)FUL,2 (2),2,0.0,0.0,0.0,0.0,0.0,0.0,0.0,0.0,0.0,0.0,0.0,0,0.0,0.0,0.0,0.5,0.0,0,0.0,0.0,0.0,0.0,1.54,0,4.4,1.0,0.0,2.5,2.5,0.0,0.2,0.2,3.0,3.0,100,1.5,1.0,67,0.5,0.5,100,0.0,0.0,3.5,0.0,0.0,0.0,0.5,0.0,0.5,0.0,0.0,0.0,0.0,0.0,0.0,0.0,0.0,0.0,0.0,0.0,0.5,,1.83,14.0,10.5,5.5,3.0,2.5,2.0,0.0,0.0,0,0.0,0.0,0.0,0.0,0.0,2.5,0.5,0.0,0.0,0.0,0.0,0.0,0.0,0.0,0.0,Harris ,M,FUL
Mitoma (M)BHA,2,81,0.5,0.5,0.5,0.0,0.5,0.0,0.5,0.5,0.5,0.0,0.5,29,2.0,0.0,0.5,1.5,0.0,0,0.1,0.1,0.29,1.36,4.1,17,4.9,6.5,0.5,13.5,27.0,16.5,24.45,35.6,32.0,26.5,83,23.5,18.5,79,15.5,13.0,84,0.0,0.0,46.0,4.5,2.0,1.0,3.5,0.0,1.0,0.5,0.0,0.0,0.0,0.0,0.0,0.0,0.0,0.0,0.0,0.0,1.5,,1.65,11.5,7.5,6.0,1.5,0.5,1.5,3.0,2.0,67,6.0,0.5,0.0,0.0,0.5,0.5,1.0,0.0,0.0,0.0,0.0,0.0,0.0,0.0,0.0,Mitoma ,M,BHA
Ebiowei (M)CRY,2 (2),14,0.0,0.0,0.0,0.0,0.0,0.0,0.0,0.0,0.0,0.0,0.0,0,0.0,0.0,0.0,1.5,0.0,0,0.0,0.0,0.0,0.04,1.63,2,4.2,1.0,0.0,3.5,3.5,2.0,0.2,1.1,2.0,1.5,75,2.0,0.5,25,0.5,0.5,100,0.0,0.0,9.0,1.0,0.5,0.0,0.5,0.0,0.0,0.0,0.0,0.0,0.0,0.0,0.0,0.0,0.0,0.0,0.0,0.0,0.5,,1.3,9.0,6.0,4.0,0.0,1.5,2.0,0.5,0.5,100,0.0,0.0,0.0,0.0,0.0,1.5,0.0,0.0,0.0,0.0,0.0,0.0,0.0,0.0,0.0,Ebiowei ,M,CRY
Klich (M)LEE,2 (2),11,0.5,0.5,0.0,0.5,0.0,0.0,0.0,0.0,0.0,0.0,0.0,0,0.0,0.0,0.0,0.5,0.0,0,0.07,0.07,0.01,0.37,2.05,5,4.6,1.0,0.0,4.0,4.0,3.5,0.7,4.4,11.0,7.5,68,7.0,4.0,57,5.0,3.0,60,0.0,0.0,16.0,0.0,3.0,0.0,1.0,0.0,0.0,0.0,0.0,0.0,0.0,0.0,0.0,0.0,0.0,0.0,0.0,0.0,0.5,,1.5,8.0,7.0,3.0,2.0,0.5,3.0,1.0,0.5,50,2.0,0.0,0.0,0.0,0.0,0.5,0.0,0.0,0.0,0.0,0.0,0.0,0.0,0.0,0.0,Klich ,M,LEE
Ndidi (M)LEI,2 (2),27,0.0,0.0,0.0,0.0,0.0,0.0,0.0,0.0,0.0,0.0,0.0,0,0.0,0.0,0.0,0.5,0.0,0,0.0,0.0,0.0,0.0,1.06,0,4.8,0.5,0.0,3.0,3.0,0.0,0.95,6.7,14.0,12.0,86,3.0,1.5,50,1.5,1.5,100,0.0,0.0,20.5,0.0,0.0,0.0,0.5,0.0,0.5,0.0,0.0,0.0,0.0,0.0,0.0,0.0,0.0,0.0,0.0,0.0,0.0,,1.16,15.0,11.5,4.0,5.0,1.0,1.0,1.0,0.0,0,3.0,1.0,0.5,1.0,2.5,1.0,1.0,0.0,0.5,0.0,0.0,0.0,0.0,0.0,0.0,Ndidi ,M,LEI
Riedewald (M)CRY,2 (2),2,0.0,0.0,0.0,0.0,0.0,0.0,0.0,0.0,0.0,0.0,0.0,0,0.0,0.0,0.0,0.0,0.0,0,0.0,0.0,0.0,0.0,1.52,0,4.3,1.0,0.0,3.0,3.0,0.0,0.0,0.0,1.5,0.0,0,1.0,0.0,0,1.0,0.0,0,0.0,0.0,2.5,0.0,0.0,0.0,0.0,0.0,0.0,0.5,0.0,0.0,0.0,0.0,0.0,0.0,0.0,0.0,0.0,0.0,0.0,,1.51,12.0,8.5,4.0,2.5,0.5,2.5,0.0,0.0,0,0.0,0.0,0.0,0.0,0.0,0.5,1.0,0.0,0.0,0.0,0.0,0.0,0.0,0.0,0.0,Riedewald ,M,CRY
Lavia (M)SOU,2 (1),69,0.0,0.0,0.0,0.0,0.0,0.0,0.0,0.0,0.0,0.0,0.0,0,0.5,0.0,0.0,0.0,0.0,0,0.0,0.0,0.02,0.05,1.68,1,4.5,1.0,0.0,7.5,7.5,0.0,8.75,7.5,42.0,37.0,88,23.0,20.0,87,10.0,7.5,75,0.5,0.5,55.0,0.0,4.5,0.0,1.5,0.0,1.0,0.0,0.0,0.0,0.0,0.0,0.0,0.0,0.0,0.0,0.0,0.0,3.5,,2.28,11.0,9.0,5.5,4.5,0.5,4.5,2.0,1.0,50,6.5,0.0,0.0,1.0,1.0,0.5,0.0,0.0,0.5,0.0,0.0,0.0,0.0,0.0,0.0,Lavia ,M,SOU
Antony (M)MUN,2,83,3.0,1.0,1.5,1.5,0.0,0.0,0.0,0.0,0.0,0.0,0.0,0,1.5,0.0,0.0,0.5,0.5,100,0.18,0.18,0.1,1.18,3.42,15,7.5,2.0,0.0,8.5,8.5,23.5,23.85,6.9,40.5,35.5,88,30.0,26.5,88,22.0,18.5,84,0.0,0.0,53.0,3.0,3.0,0.5,3.0,0.0,1.0,0.5,0.0,0.0,0.0,0.0,0.0,0.0,0.0,0.0,0.0,0.5,0.5,,1.04,7.5,5.5,2.0,2.5,0.0,1.5,0.5,0.0,0,1.5,0.0,0.0,0.5,0.5,0.0,0.5,0.0,0.5,0.0,0.0,0.0,0.0,0.0,0.0,Antony ,M,MUN
Chukwuemeka (M)CHE,2 (2),19,0.5,0.5,0.5,0.0,0.0,0.0,0.0,0.0,0.0,0.0,0.0,0,0.5,0.0,0.0,0.0,0.0,0,0.08,0.08,0.04,0.56,2.1,10,4.3,1.0,0.0,3.0,3.0,11.5,6.1,3.6,10.0,8.0,80,8.5,6.5,76,6.0,4.5,75,0.0,0.0,14.0,2.0,1.5,0.0,0.0,0.0,0.0,0.0,0.0,0.0,0.0,0.0,0.0,0.0,0.0,0.0,0.0,0.0,0.5,,1.54,10.5,6.5,5.5,3.0,0.5,2.0,0.0,0.0,0,1.0,0.5,0.0,0.0,0.5,0.5,0.0,0.0,0.0,0.0,0.0,0.0,0.0,0.0,0.0,Chukwuemeka ,M,CHE
Rothwell (M)BOU,2 (2),7,0.0,0.0,0.0,0.0,0.0,0.0,0.0,0.0,0.0,0.0,0.0,0,0.0,0.0,0.0,0.0,0.0,0,0.0,0.0,0.0,0.0,1.53,0,4.9,1.0,0.0,2.0,2.0,0.0,0.3,1.0,4.0,3.5,88,3.5,3.0,86,2.0,1.5,75,0.0,0.0,6.0,0.0,1.0,0.0,0.0,0.0,0.5,0.0,0.0,0.0,0.0,0.0,0.0,0.0,0.0,0.0,0.0,0.0,0.0,,1.43,13.5,11.0,3.5,4.0,0.5,1.5,0.0,0.0,0,0.5,0.0,0.0,0.0,0.0,0.5,0.0,0.0,0.0,0.0,0.0,0.0,0.0,0.0,0.0,Rothwell ,M,BOU
Gilmour (M)BHA,2 (2),5,0.0,0.0,0.0,0.0,0.0,0.0,0.0,0.0,0.0,0.0,0.0,0,0.0,0.0,0.0,0.0,0.0,0,0.0,0.0,0.0,0.0,1.5,0,4.3,1.0,0.0,2.5,2.5,0.0,0.9,0.7,13.5,12.5,93,7.0,6.5,93,1.5,1.0,67,0.0,0.0,14.5,0.0,0.5,0.0,0.0,0.0,0.0,0.0,0.0,0.0,0.0,0.0,0.0,0.0,0.0,0.0,0.0,0.0,0.0,,1.87,9.0,7.5,4.5,2.0,1.0,2.5,0.0,0.0,0,0.0,0.0,0.0,0.0,0.0,1.0,0.5,0.0,0.0,0.0,0.0,0.0,0.0,0.0,0.0,Gilmour ,M,BHA
Ziyech (M)CHE,2 (2),14,0.0,0.0,0.0,0.0,0.0,0.0,0.0,0.0,0.0,0.0,0.0,0,0.5,0.0,0.0,3.0,0.5,17,0.0,0.0,0.02,0.05,1.58,2,5.5,1.0,0.0,3.0,3.0,0.0,8.1,6.5,9.5,8.0,84,10.0,6.0,60,3.0,3.0,100,0.0,0.0,16.5,0.0,1.0,0.0,3.5,0.0,0.0,0.5,1.5,1.0,1.0,0.0,0.0,0.0,0.0,0.0,0.0,0.0,0.5,,1.88,14.5,11.5,6.0,2.5,0.5,2.5,2.0,1.0,50,0.0,0.5,0.0,0.5,1.0,0.5,0.0,0.0,0.0,0.0,0.0,0.0,0.0,0.0,0.0,Ziyech ,M,CHE
Sarmiento (M)BHA,2 (2),3,0.5,0.0,0.5,0.0,0.0,0.0,0.0,0.0,0.0,0.0,0.0,0,0.0,0.0,0.0,0.0,0.0,0,0.0,0.0,0.0,0.04,1.53,1,4.5,1.0,0.0,1.5,1.5,2.0,0.15,0.0,0.5,0.5,100,0.5,0.5,100,0.5,0.5,100,0.0,0.0,3.0,0.5,0.0,0.0,0.0,0.0,0.5,0.0,0.0,0.0,0.0,0.0,0.0,0.0,0.0,0.0,0.0,0.0,0.0,,1.77,12.5,9.0,5.5,2.5,0.5,2.0,0.0,0.0,0,0.5,0.0,0.0,0.0,0.0,0.5,0.5,0.0,0.0,0.0,0.0,0.0,0.0,0.0,0.0,Sarmiento ,M,BHA
Anderson (M)NEW,2 (2),13,0.5,0.0,0.5,0.0,0.0,0.0,0.0,0.0,0.0,0.0,0.0,0,0.5,0.0,0.0,1.0,0.5,50,0.02,0.02,0.04,0.24,2.02,5,4.4,1.0,0.0,3.0,3.0,11.0,7.3,2.1,3.5,2.5,71,3.0,2.0,67,1.5,1.0,67,0.0,0.0,8.5,1.0,0.5,0.5,0.0,0.0,0.0,0.0,0.0,0.0,0.0,0.0,0.0,0.0,0.0,0.0,0.0,0.0,0.5,,0.82,8.5,5.0,2.5,2.0,0.5,1.0,0.0,0.0,0,1.0,0.0,0.0,0.0,0.0,0.5,1.0,0.0,0.0,0.0,0.0,0.0,0.0,0.0,0.0,Anderson ,M,NEW
Baptiste (M)BRE,2 (2),21,0.0,0.0,0.0,0.0,0.0,0.0,0.5,0.0,0.0,0.0,0.0,0,0.5,0.0,0.0,0.0,0.0,0,0.0,0.0,0.2,0.61,2.25,13,4.5,1.0,0.0,3.5,3.5,0.0,5.2,6.0,7.5,6.5,87,2.0,1.5,75,1.0,1.0,100,0.0,0.0,11.0,0.0,0.5,0.0,0.5,0.0,0.0,0.0,0.0,0.0,0.0,0.0,0.0,0.0,0.0,0.0,0.0,0.0,0.0,,2.62,16.5,8.0,8.0,0.0,0.0,3.5,0.5,0.0,0,1.5,1.0,0.5,0.0,1.5,0.0,0.0,0.0,0.0,0.0,0.0,0.0,0.0,0.0,0.0,Baptiste ,M,BRE
Stanislas (M)BOU,2 (2),15,0.0,0.0,0.0,0.0,0.0,0.0,0.0,0.0,0.0,0.0,0.0,0,1.0,0.0,0.0,0.5,0.0,0,0.0,0.0,0.04,0.16,1.72,3,4.8,1.0,0.0,4.0,4.0,3.0,11.3,5.0,9.5,8.5,89,7.5,6.0,80,6.5,5.5,85,0.0,0.0,11.5,1.5,1.5,0.0,0.5,0.0,0.0,0.5,0.0,0.0,0.0,0.0,0.0,0.0,0.0,0.0,0.0,0.0,0.0,,1.43,13.5,11.0,3.5,4.0,0.5,1.5,0.5,0.0,0,1.0,0.0,0.5,0.0,0.5,0.5,0.0,0.0,0.0,0.0,0.0,0.0,0.0,0.0,0.0,Stanislas ,M,BOU
Albrighton (M)LEI,2 (2),11,0.5,0.0,0.5,0.0,0.5,0.0,0.0,0.0,0.0,0.0,0.0,0,0.0,0.0,0.0,0.5,0.0,0,0.0,0.0,0.0,0.05,1.58,1,4.7,1.0,0.0,3.0,3.0,3.0,0.45,4.7,6.5,4.0,62,4.5,2.0,44,3.5,1.5,43,0.0,0.0,11.0,1.0,0.0,0.0,0.0,0.0,0.0,0.0,0.0,0.0,0.0,0.0,0.0,0.0,0.0,0.0,0.0,0.0,0.0,,1.62,16.5,13.0,4.0,5.0,1.0,2.0,0.5,0.0,0,1.0,0.5,0.5,0.0,1.0,1.0,1.0,0.0,0.0,0.0,0.0,0.0,0.0,0.0,0.0,Albrighton ,M,LEI
Saint-Maximin (M)NEW,2 (2),10,0.0,0.0,0.0,0.0,0.0,0.0,0.0,0.0,0.0,0.0,0.0,12,0.5,0.0,0.5,0.0,0.0,0,0.0,0.0,0.02,0.05,1.74,1,6.2,2.5,0.0,1.0,5.5,0.0,5.4,9.3,6.0,4.5,75,4.0,3.0,75,1.0,1.0,100,0.0,0.0,11.5,0.0,0.0,0.0,0.0,0.0,0.0,0.0,0.0,0.0,0.0,0.0,0.0,0.0,0.0,0.0,0.0,0.0,0.5,,0.87,9.5,6.0,2.5,1.5,0.5,1.0,0.0,0.0,0,1.0,0.0,0.0,0.0,0.0,0.5,1.0,0.0,0.0,0.0,0.0,0.0,0.0,0.0,0.0,Saint-Maximin ,M,NEW
Kamara (M)AVL,2 (1),51,0.5,0.0,0.0,0.5,0.0,0.0,0.0,0.0,0.0,0.0,0.0,0,0.0,0.0,0.0,0.0,0.0,0,0.0,0.0,0.0,0.02,1.64,0,4.8,1.0,0.0,6.5,6.5,1.0,1.0,10.7,22.0,18.0,82,10.0,8.0,80,4.0,3.0,75,0.0,0.0,32.5,0.0,2.0,0.0,0.0,0.0,1.0,0.0,0.0,0.0,0.0,0.0,0.0,0.0,0.0,0.0,0.0,0.0,0.5,,0.99,7.5,4.0,2.5,2.0,0.0,1.5,3.5,1.0,29,2.5,3.0,0.0,0.0,3.0,0.0,1.0,0.0,0.5,0.0,0.0,0.0,0.0,0.0,0.0,Kamara ,M,AVL
Sinisterra (M)LEE,2,69,1.0,0.0,0.0,1.0,0.0,0.0,0.0,0.0,0.0,0.0,0.0,0,0.5,0.0,0.0,0.5,0.0,0,0.02,0.02,0.03,0.18,2.9,3,6.5,2.0,0.0,9.0,9.0,7.5,10.15,4.9,28.5,23.5,82,21.0,16.5,79,14.0,11.5,82,0.5,0.0,42.5,1.5,3.0,0.5,3.0,0.0,0.5,0.0,0.0,0.0,0.0,0.0,0.0,0.0,0.0,0.0,0.0,0.0,1.5,,1.5,8.0,7.0,3.0,2.0,0.5,3.0,1.5,1.5,100,6.5,0.0,0.0,0.5,0.5,0.5,0.0,0.0,0.0,0.0,0.0,1.0,0.0,0.0,0.0,Sinisterra ,M,LEE
Nelson (M)ARS,2 (2),32,1.5,1.5,1.5,0.0,0.0,1.5,0.0,1.0,1.0,0.0,0.0,43,1.0,1.5,0.5,0.5,0.5,100,0.7,0.7,0.12,3.84,6.36,33,4.8,10.0,1.5,4.0,26.5,39.5,15.5,45.4,19.0,17.0,89,17.0,16.0,94,13.5,12.5,93,0.0,0.0,26.5,4.5,0.0,0.5,1.0,0.0,1.0,0.0,0.0,0.0,0.0,0.0,0.0,0.0,0.0,0.0,0.0,0.5,0.0,,0.42,8.0,4.0,2.0,0.5,0.0,0.0,0.5,0.0,0,2.5,0.0,0.0,0.0,0.0,0.0,1.0,0.0,0.0,0.0,0.0,0.0,0.0,0.0,0.0,Nelson ,M,ARS
Hughes (M)CRY,2 (2),13,0.0,0.0,0.0,0.0,0.0,0.0,0.0,0.0,0.0,0.0,0.0,0,0.0,0.0,0.0,0.0,0.0,0,0.0,0.0,0.0,0.0,1.56,0,4.8,1.0,0.0,2.0,2.0,0.0,1.8,1.0,10.5,10.0,95,7.5,7.5,100,5.0,5.0,100,0.0,0.0,12.5,0.0,2.0,0.0,0.5,0.0,1.0,0.0,0.0,0.0,0.0,0.0,0.0,0.0,0.0,0.0,0.0,0.0,0.0,,1.21,11.5,8.5,3.0,1.5,2.0,2.0,0.5,0.0,0,1.0,0.0,0.0,0.0,0.0,2.0,0.5,0.0,0.0,0.0,0.0,0.0,0.0,0.0,0.0,Hughes ,M,CRY
Garnacho (M)MUN,2 (1),41,1.0,1.0,1.0,0.0,0.0,0.5,0.0,0.5,0.5,0.0,0.0,33,0.0,0.5,0.0,0.5,0.0,0,0.33,0.33,0.07,1.84,3.49,18,4.3,3.5,0.0,1.5,10.5,30.0,3.1,18.8,15.0,12.5,83,14.5,12.0,83,9.5,8.0,84,0.0,0.0,22.5,7.0,0.5,0.0,0.0,0.0,0.5,0.0,0.0,0.0,0.0,0.0,0.0,0.0,0.0,0.0,0.0,0.0,1.5,,1.44,10.0,6.5,5.5,1.5,0.5,1.5,1.0,0.5,50,1.0,0.0,0.0,0.0,0.0,0.5,0.5,0.0,0.5,0.0,0.0,0.0,0.0,0.0,0.0,Garnacho ,M,MUN
Ghoddos (M)BRE,2 (2),2,0.0,0.0,0.0,0.0,0.0,0.0,0.0,0.0,0.0,0.0,0.0,0,0.0,0.0,0.0,0.0,0.0,0,0.0,0.0,0.0,0.0,1.52,0,4.8,1.0,0.0,3.0,3.0,0.0,0.05,0.1,1.5,1.0,67,1.0,0.5,50,0.5,0.0,0,0.0,0.0,2.0,0.0,0.5,0.0,0.0,0.0,0.0,0.0,0.0,0.0,0.0,0.0,0.0,0.0,0.0,0.0,0.0,0.0,0.5,,1.68,14.5,6.5,6.0,2.0,0.5,2.0,0.0,0.0,0,0.5,0.0,0.0,0.0,0.0,0.5,0.0,0.0,0.0,0.0,0.0,0.0,0.0,0.0,0.0,Ghoddos ,M,BRE
Djenepo (M)SOU,2 (2),9,0.5,0.5,0.5,0.0,0.0,0.0,0.0,0.0,0.0,0.0,0.0,0,0.0,0.0,0.0,0.0,0.0,0,0.08,0.08,0.02,0.48,2.1,7,5,1.0,0.0,3.0,3.0,9.5,1.05,2.6,8.0,7.5,94,4.5,4.0,89,2.5,2.0,80,0.0,0.0,11.0,1.0,0.5,0.5,0.0,0.0,0.0,0.0,0.0,0.0,0.0,0.0,0.0,0.0,0.0,0.0,0.0,0.0,0.0,,0.84,13.5,7.0,3.0,2.5,0.0,0.5,0.5,0.5,100,0.5,0.0,0.0,0.0,0.0,0.0,0.5,0.0,0.0,0.0,0.0,0.0,0.0,0.0,0.0,Djenepo ,M,SOU
Coutinho (M)AVL,2 (2),24,0.0,0.0,0.0,0.0,0.0,0.0,0.0,0.0,0.0,0.0,0.0,0,0.0,0.0,0.0,0.0,0.0,0,0.0,0.0,0.0,0.0,1.56,0,6.6,1.0,0.0,2.0,2.0,0.0,0.55,1.6,10.0,6.5,65,6.5,4.0,62,3.0,1.0,33,0.0,0.0,14.5,0.0,2.0,0.0,0.5,0.0,1.0,0.0,0.0,0.0,0.0,0.0,0.0,0.0,0.0,0.0,0.0,0.0,0.5,,2.32,16.0,12.0,5.0,3.5,0.5,4.0,1.0,1.0,100,2.0,0.0,0.0,0.0,0.0,0.5,0.5,0.0,0.0,0.0,0.0,0.0,0.0,0.0,0.0,Coutinho ,M,AVL
Paquetá (M)WHU,2,89,2.0,1.0,2.0,0.0,1.0,0.0,0.0,0.0,0.0,0.0,0.0,100,1.5,0.0,0.5,1.0,0.0,0,0.18,0.18,0.1,1.17,3.4,38,5.9,3.0,0.0,12.0,16.5,23.0,18.6,25.0,47.0,36.5,78,28.0,18.5,66,17.5,11.0,63,0.5,0.0,64.0,3.0,7.5,0.0,2.5,0.0,4.0,0.0,0.0,0.0,0.0,0.0,0.0,0.0,0.0,0.0,0.0,0.0,1.5,,1.64,12.0,6.0,6.0,0.0,0.0,1.5,5.0,4.5,90,5.0,0.5,1.0,0.0,1.5,0.0,0.0,0.0,0.5,0.0,0.0,0.5,0.0,0.0,0.0,Paquetá ,M,WHU
Pérez (M)LEI,2 (2),21,0.5,0.0,0.5,0.0,0.0,0.0,0.5,0.0,0.0,0.0,0.0,25,1.5,0.0,0.5,0.0,0.0,0,0.02,0.02,0.26,0.86,2.5,23,4.7,2.5,0.0,5.5,10.0,9.0,17.1,12.4,9.0,6.5,72,5.0,3.5,70,2.5,1.0,40,0.5,0.5,17.0,0.5,2.0,0.0,0.5,0.0,0.5,0.0,0.0,0.0,0.0,0.0,0.0,0.0,0.0,0.0,0.0,0.0,0.0,,0.98,16.0,9.5,4.0,4.0,2.0,0.5,1.0,1.0,100,2.0,0.0,0.0,0.0,0.0,2.0,1.0,0.0,0.0,0.0,0.0,0.0,0.0,0.0,0.0,Pérez ,M,LEI
Elneny (M)ARS,2 (2),2,0.0,0.0,0.0,0.0,0.0,0.0,0.0,0.0,0.0,0.0,0.0,0,0.0,0.0,0.0,0.0,0.0,0,0.0,0.0,0.0,0.0,1.8,0,4.2,1.0,0.0,3.0,3.0,0.0,0.75,0.0,2.0,1.5,75,1.5,1.0,67,1.5,1.0,67,0.0,0.0,2.0,0.0,0.5,0.0,0.0,0.0,0.0,0.0,0.0,0.0,0.0,0.0,0.0,0.0,0.0,0.0,0.0,0.0,0.0,,0.38,8.0,5.0,1.5,0.5,0.0,0.0,0.0,0.0,0,1.0,0.0,0.0,0.0,0.0,0.0,1.0,0.0,0.0,0.0,0.0,0.0,0.0,0.0,0.0,Elneny ,M,ARS
Mangala (M)NFO,2 (1),35,0.0,0.0,0.0,0.0,0.0,0.0,0.0,0.0,0.0,0.0,0.0,0,0.0,0.0,0.0,0.0,0.0,0,0.0,0.0,0.0,0.0,2.06,0,4.9,2.0,0.0,5.0,5.0,0.0,0.4,1.5,9.0,6.5,72,5.0,2.5,50,2.5,0.5,20,0.0,0.0,13.0,0.0,1.5,0.0,0.0,0.0,0.0,0.0,0.0,0.0,0.0,0.0,0.0,0.0,0.0,0.0,0.0,0.5,0.0,,2.34,17.0,14.0,7.0,5.0,2.0,3.5,0.5,0.0,0,2.0,0.5,0.0,0.5,1.0,2.0,0.5,0.0,0.0,0.0,0.0,0.0,0.0,0.0,0.0,Mangala ,M,NFO
Lewis-Potter (M)BRE,2 (1),37,0.5,0.0,0.5,0.0,0.5,0.0,0.5,0.0,0.0,0.0,0.0,0,0.5,0.0,0.0,2.0,0.5,25,0.01,0.01,0.21,0.69,2.77,17,5.2,1.0,0.0,4.0,4.0,5.0,7.95,1.8,10.0,6.0,60,10.0,5.0,50,5.5,2.5,45,0.0,0.0,23.0,2.0,0.0,0.0,2.0,0.0,0.5,0.0,0.0,0.0,0.0,0.0,0.0,0.0,0.0,0.0,0.0,0.0,0.5,,1.44,14.0,7.5,5.5,3.0,0.5,1.5,0.0,0.0,0,3.0,0.5,0.0,0.0,0.5,0.5,0.0,0.0,0.0,0.0,0.0,0.0,0.0,0.0,0.0,Lewis-Potter ,M,BRE
Kulusevski (M)TOT,2 (1),55,1.5,0.5,1.5,0.0,0.0,0.5,1.0,0.0,0.0,0.0,0.0,40,2.5,0.5,1.0,3.0,0.5,17,0.26,0.26,0.52,2.91,5.04,30,8,4.5,0.0,5.0,14.0,30.5,30.9,23.8,19.5,16.0,82,20.0,14.5,73,13.5,11.0,81,0.0,0.0,35.0,7.0,0.5,0.0,4.5,0.0,0.0,1.0,0.0,0.0,0.0,0.0,0.0,0.0,0.0,0.0,0.0,0.0,1.5,,1.9,12.5,8.0,5.5,1.5,1.5,3.0,0.0,0.0,0,3.5,0.0,0.0,0.0,0.0,1.5,0.5,0.0,0.0,0.0,0.0,0.0,0.0,0.0,0.0,Kulusevski ,M,TOT
Sancho (M)MUN,2,69,1.0,0.5,0.5,0.5,0.0,0.0,0.0,0.0,0.0,0.0,0.0,33,2.5,0.0,0.5,1.0,0.0,0,0.11,0.11,0.13,0.93,3.13,13,7.1,3.5,0.0,7.0,11.5,21.5,33.05,14.3,32.0,26.0,81,25.5,21.0,82,16.5,14.0,85,0.0,0.0,40.0,4.5,0.5,0.0,2.0,0.0,0.5,0.0,0.0,0.0,0.0,0.0,0.0,0.0,0.0,0.0,0.0,0.5,0.0,,1.04,7.5,5.5,2.0,2.5,0.0,1.5,0.5,0.0,0,3.5,0.0,0.0,0.0,0.0,0.0,0.5,0.0,0.0,0.0,0.0,0.5,0.0,0.0,0.0,Sancho ,M,MUN
Hall (M)CHE,1,73,0.0,0.0,0.0,0.0,0.0,0.0,0.0,0.0,0.0,0.0,0.0,0,2.0,0.0,0.0,4.0,1.0,25,0.0,0.0,0.07,0.24,2.84,19,4.5,2.0,0.0,8.0,8.0,2.0,24.5,12.8,21.0,17.0,81,9.0,6.0,67,2.0,2.0,100,0.0,0.0,48.0,1.0,2.0,0.0,4.0,0.0,0.0,2.0,2.0,0.0,0.0,0.0,0.0,0.0,0.0,0.0,0.0,0.0,1.0,,1.28,10.0,8.0,3.0,2.0,1.0,2.0,1.0,0.0,0,3.0,1.0,0.0,3.0,4.0,1.0,0.0,0.0,0.0,0.0,0.0,0.0,0.0,0.0,0.0,Hall ,M,CHE
Palmer (M)MCI,1 (1),13,0.0,0.0,0.0,0.0,0.0,0.0,0.0,0.0,0.0,0.0,0.0,0,0.0,0.0,0.0,0.0,0.0,0,0.01,0.01,0.01,0.07,1.73,1,4.3,1.0,0.0,3.0,3.0,4.0,1.3,1.2,8.0,6.0,75,7.0,6.0,86,6.0,5.0,83,0.0,0.0,13.0,2.0,1.0,1.0,3.0,0.0,0.0,0.0,0.0,0.0,0.0,0.0,0.0,0.0,0.0,0.0,0.0,0.0,0.0,,0.75,8.0,5.0,2.0,1.0,0.0,1.0,0.0,0.0,0,4.0,1.0,0.0,0.0,1.0,0.0,1.0,0.0,0.0,0.0,0.0,0.0,0.0,0.0,0.0,Palmer ,M,MCI
Nørgaard (M)BRE,1 (1),28,0.0,0.0,0.0,0.0,0.0,0.0,0.0,0.0,0.0,0.0,0.0,0,0.0,0.0,0.0,0.0,0.0,0,0.0,0.0,0.0,0.03,1.52,0,5.3,1.0,0.0,4.0,4.0,2.0,0.3,6.2,4.0,3.0,75,3.0,2.0,67,2.0,2.0,100,0.0,0.0,11.0,1.0,1.0,0.0,0.0,0.0,1.0,0.0,0.0,0.0,0.0,0.0,0.0,0.0,0.0,0.0,0.0,0.0,0.0,,1.87,29.0,17.0,6.0,3.0,0.0,1.0,1.0,0.0,0,0.0,2.0,0.0,2.0,4.0,0.0,1.0,0.0,0.0,0.0,0.0,0.0,0.0,0.0,0.0,Nørgaard ,M,BRE
Dembélé (M)BOU,1 (1),7,0.0,0.0,0.0,0.0,0.0,0.0,0.0,0.0,0.0,0.0,0.0,0,0.0,0.0,0.0,0.0,0.0,0,0.0,0.0,0.0,0.0,1.59,0,4.7,1.0,0.0,3.0,3.0,0.0,0.5,4.0,2.0,2.0,100,2.0,2.0,100,1.0,1.0,100,0.0,0.0,11.0,0.0,0.0,0.0,0.0,0.0,0.0,0.0,0.0,0.0,0.0,0.0,0.0,0.0,0.0,0.0,0.0,0.0,0.0,,0.97,9.0,7.0,3.0,2.0,0.0,1.0,1.0,0.0,0,0.0,0.0,0.0,1.0,1.0,0.0,0.0,0.0,0.0,0.0,0.0,0.0,0.0,0.0,0.0,Dembélé ,M,BOU
Mahrez (M)MCI,1,62,2.0,1.0,2.0,0.0,0.0,1.0,0.0,0.0,0.0,0.0,0.0,0,1.0,1.0,0.0,2.0,1.0,50,0.49,0.49,0.12,2.77,4.56,31,7.5,1.0,0.0,0.0,0.0,37.0,15.6,5.6,16.0,12.0,75,14.0,9.0,64,10.0,6.0,60,0.0,0.0,26.0,3.0,2.0,0.0,3.0,0.0,1.0,3.0,2.0,0.0,0.0,0.0,0.0,0.0,0.0,0.0,0.0,0.0,1.0,,0.75,8.0,5.0,2.0,1.0,0.0,1.0,1.0,0.0,0,3.0,0.0,0.0,0.0,0.0,0.0,1.0,0.0,1.0,0.0,0.0,0.0,0.0,0.0,0.0,Mahrez ,M,MCI
Pearson (M)BOU,1 (1),2,0.0,0.0,0.0,0.0,0.0,0.0,0.0,0.0,0.0,0.0,0.0,0,0.0,0.0,0.0,0.0,0.0,0,0.0,0.0,0.0,0.0,1.59,0,4.4,1.0,0.0,3.0,3.0,0.0,0.0,0.0,2.0,1.0,50,1.0,0.0,0,0.0,0.0,0,0.0,0.0,3.0,0.0,0.0,0.0,0.0,0.0,0.0,0.0,0.0,0.0,0.0,0.0,0.0,0.0,0.0,0.0,0.0,0.0,0.0,,0.98,15.0,8.0,3.0,4.0,2.0,1.0,0.0,0.0,0,1.0,0.0,0.0,0.0,0.0,2.0,1.0,0.0,0.0,0.0,0.0,0.0,0.0,0.0,0.0,Pearson ,M,BOU
Hodge (M)WOL,1 (1),32,1.0,0.0,1.0,0.0,0.0,0.0,0.0,0.0,0.0,0.0,0.0,0,0.0,0.0,0.0,0.0,0.0,0,0.05,0.05,0.05,0.41,1.92,8,4.4,1.0,0.0,2.0,2.0,24.0,1.5,5.2,16.0,15.0,94,9.0,9.0,100,6.0,6.0,100,0.0,0.0,24.0,4.0,1.0,0.0,1.0,0.0,0.0,0.0,0.0,0.0,0.0,0.0,0.0,0.0,0.0,0.0,0.0,0.0,1.0,,1.46,14.0,9.0,4.0,3.0,0.0,2.0,2.0,0.0,0,3.0,0.0,0.0,0.0,0.0,0.0,0.0,0.0,0.0,0.0,0.0,0.0,0.0,0.0,0.0,Hodge ,M,WOL
Colback (M)NFO,1 (1),19,0.0,0.0,0.0,0.0,0.0,0.0,0.0,0.0,0.0,0.0,0.0,0,0.0,0.0,0.0,0.0,0.0,0,0.0,0.0,0.0,0.0,1.69,0,4.2,1.0,0.0,5.0,5.0,0.0,0.0,5.2,3.0,1.0,33,0.0,0.0,0,0.0,0.0,0,0.0,0.0,7.0,0.0,0.0,0.0,0.0,0.0,0.0,0.0,0.0,0.0,0.0,0.0,0.0,0.0,0.0,0.0,0.0,0.0,0.0,,0.74,8.0,8.0,0.0,2.0,1.0,1.0,1.0,1.0,100,1.0,1.0,0.0,0.0,1.0,1.0,1.0,0.0,0.0,0.0,0.0,0.0,0.0,0.0,0.0,Colback ,M,NFO
Lanzini (M)WHU,1 (1),26,0.0,0.0,0.0,0.0,0.0,0.0,0.0,0.0,0.0,0.0,0.0,0,0.0,0.0,0.0,0.0,0.0,0,0.0,0.0,0.0,0.0,1.52,0,5.1,1.0,0.0,3.0,3.0,0.0,0.9,1.4,17.0,14.0,82,9.0,7.0,78,3.0,2.0,67,0.0,0.0,17.0,0.0,2.0,0.0,1.0,0.0,0.0,0.0,0.0,0.0,0.0,0.0,0.0,0.0,0.0,0.0,0.0,0.0,1.0,,1.45,15.0,8.0,6.0,0.0,0.0,1.0,0.0,0.0,0,2.0,0.0,0.0,0.0,0.0,0.0,0.0,0.0,0.0,0.0,0.0,0.0,0.0,0.0,0.0,Lanzini ,M,WHU
Ronan (M)WOL,1 (1),1,0.0,0.0,0.0,0.0,0.0,0.0,0.0,0.0,0.0,0.0,0.0,0,0.0,0.0,0.0,1.0,0.0,0,0.0,0.0,0.0,0.0,1.52,0,4.4,1.0,0.0,3.0,3.0,0.0,0.4,0.6,3.0,3.0,100,4.0,3.0,75,3.0,3.0,100,0.0,0.0,4.0,0.0,3.0,0.0,1.0,0.0,0.0,0.0,1.0,1.0,1.0,0.0,0.0,0.0,0.0,0.0,0.0,0.0,0.0,,2.07,19.0,12.0,8.0,4.0,1.0,2.0,0.0,0.0,0,0.0,0.0,0.0,0.0,0.0,1.0,0.0,0.0,0.0,0.0,0.0,0.0,0.0,0.0,0.0,Ronan ,M,WOL
Van de Beek (M)MUN,1,66,1.0,0.0,1.0,0.0,1.0,0.0,0.0,0.0,0.0,0.0,0.0,0,1.0,0.0,0.0,0.0,0.0,0,0.05,0.05,0.09,0.51,3.18,15,5.1,2.0,0.0,6.0,6.0,24.0,13.2,1.4,15.0,13.0,87,12.0,10.0,83,9.0,7.0,78,0.0,0.0,18.0,4.0,0.0,0.0,1.0,0.0,0.0,0.0,0.0,0.0,0.0,0.0,0.0,0.0,0.0,0.0,0.0,0.0,3.0,,0.94,6.0,3.0,4.0,0.0,0.0,1.0,0.0,0.0,0,0.0,0.0,0.0,0.0,0.0,0.0,0.0,0.0,0.0,0.0,0.0,1.0,0.0,0.0,0.0,Van de Beek ,M,MUN
Onomah (M)FUL,1 (1),1,0.0,0.0,0.0,0.0,0.0,0.0,0.0,0.0,0.0,0.0,0.0,0,0.0,0.0,0.0,0.0,0.0,0,0.0,0.0,0.0,0.0,1.66,0,4.3,1.0,0.0,3.0,3.0,0.0,0.0,0.0,0.0,0.0,0,0.0,0.0,0,0.0,0.0,0,0.0,0.0,1.0,0.0,0.0,0.0,0.0,0.0,0.0,0.0,0.0,0.0,0.0,0.0,0.0,0.0,0.0,0.0,0.0,0.0,1.0,,3.59,14.0,10.0,9.0,3.0,0.0,7.0,0.0,0.0,0,0.0,0.0,0.0,0.0,0.0,0.0,0.0,0.0,0.0,0.0,0.0,0.0,0.0,0.0,0.0,Onomah ,M,FUL
Bryan (M)TOT,1 (1),6,0.0,0.0,0.0,0.0,0.0,0.0,0.0,0.0,0.0,0.0,0.0,0,0.0,0.0,0.0,0.0,0.0,0,0.0,0.0,0.0,0.03,1.57,0,5,1.0,0.0,5.0,5.0,2.0,1.5,2.0,7.0,7.0,100,6.0,6.0,100,5.0,5.0,100,0.0,0.0,9.0,1.0,0.0,0.0,0.0,0.0,0.0,0.0,0.0,0.0,0.0,0.0,0.0,0.0,0.0,0.0,0.0,0.0,0.0,,1.27,6.0,5.0,4.0,3.0,0.0,2.0,1.0,1.0,100,0.0,0.0,0.0,0.0,0.0,0.0,1.0,0.0,0.0,0.0,0.0,0.0,0.0,0.0,0.0,Bryan ,M,TOT
Campbell (M)WOL,1 (1),24,0.0,0.0,0.0,0.0,0.0,0.0,0.0,0.0,0.0,0.0,0.0,0,0.0,0.0,0.0,2.0,0.0,0,0.0,0.0,0.0,0.03,1.52,0,4.4,1.0,0.0,2.0,2.0,2.0,0.4,3.2,7.0,6.0,86,6.0,3.0,50,2.0,1.0,50,0.0,0.0,16.0,1.0,0.0,0.0,2.0,0.0,0.0,1.0,1.0,0.0,0.0,0.0,0.0,0.0,0.0,0.0,0.0,0.0,1.0,,1.27,5.0,4.0,4.0,1.0,2.0,2.0,1.0,1.0,100,0.0,0.0,0.0,1.0,1.0,2.0,0.0,0.0,0.0,0.0,0.0,0.0,0.0,0.0,0.0,Campbell ,M,WOL
Fraser (M)NEW,1 (1),17,0.0,0.0,0.0,0.0,0.0,0.0,0.0,0.0,0.0,0.0,0.0,0,0.0,0.0,0.0,2.0,0.0,0,0.0,0.0,0.0,0.0,2.01,0,5.2,1.0,0.0,3.0,3.0,0.0,0.3,0.2,5.0,3.0,60,5.0,1.0,20,3.0,1.0,33,0.0,0.0,13.0,0.0,1.0,1.0,1.0,0.0,0.0,1.0,1.0,0.0,0.0,0.0,0.0,0.0,0.0,0.0,0.0,0.0,0.0,,0.05,1.0,1.0,0.0,1.0,0.0,0.0,0.0,0.0,0,2.0,0.0,0.0,0.0,0.0,0.0,1.0,0.0,0.0,0.0,0.0,0.0,0.0,0.0,0.0,Fraser ,M,NEW
Sanson (M)AVL,1 (1),1,0.0,0.0,0.0,0.0,0.0,0.0,0.0,0.0,0.0,0.0,0.0,0,0.0,0.0,0.0,0.0,0.0,0,0.0,0.0,0.0,0.0,1.59,0,4.3,1.0,0.0,3.0,3.0,0.0,0.3,0.0,3.0,3.0,100,1.0,1.0,100,0.0,0.0,0,0.0,0.0,4.0,0.0,0.0,0.0,0.0,0.0,0.0,0.0,0.0,0.0,0.0,0.0,0.0,0.0,0.0,0.0,0.0,0.0,0.0,,0.94,8.0,4.0,3.0,3.0,0.0,1.0,0.0,0.0,0,0.0,0.0,0.0,0.0,0.0,0.0,1.0,0.0,0.0,0.0,0.0,0.0,0.0,0.0,0.0,Sanson ,M,AVL
Davies (M)EVE,1 (1),4,0.0,0.0,0.0,0.0,0.0,0.0,0.0,0.0,0.0,0.0,0.0,0,0.0,0.0,0.0,0.0,0.0,0,0.0,0.0,0.0,0.0,1.74,0,4.9,1.0,0.0,3.0,3.0,0.0,0.0,2.0,0.0,0.0,0,0.0,0.0,0,0.0,0.0,0,0.0,0.0,2.0,0.0,0.0,0.0,0.0,0.0,0.0,0.0,0.0,0.0,0.0,0.0,0.0,0.0,0.0,0.0,0.0,0.0,0.0,,0.51,9.0,5.0,2.0,1.0,0.0,0.0,1.0,0.0,0,0.0,0.0,0.0,0.0,0.0,0.0,1.0,0.0,0.0,0.0,0.0,0.0,0.0,0.0,0.0,Davies ,M,EVE
